Team 1,Team 1 Points,Team 2,Team 2 Points,Home Team
Cleveland Cavaliers,102,Boston Celtics,99,Cleveland Cavaliers
Golden State Warriors,121,Houston Rockets,122,Golden State Warriors
Detroit Pistons,102,Charlotte Hornets,90,Detroit Pistons
Indiana Pacers,140,Brooklyn Nets,131,Indiana Pacers
Orlando Magic,116,Miami Heat,109,Orlando Magic
Washington Wizards,120,Philadelphia 76ers,115,Washington Wizards
Boston Celtics,100,Milwaukee Bucks,108,Boston Celtics
Memphis Grizzlies,103,New Orleans Pelicans,91,Memphis Grizzlies
Dallas Mavericks,111,Atlanta Hawks,117,Dallas Mavericks
Utah Jazz,106,Denver Nuggets,96,Utah Jazz
San Antonio Spurs,107,Minnesota Timberwolves,99,San Antonio Spurs
Phoenix Suns,76,Portland Trail Blazers,124,Phoenix Suns
Sacramento Kings,100,Houston Rockets,105,Sacramento Kings
Toronto Raptors,117,Chicago Bulls,100,Toronto Raptors
Oklahoma City Thunder,105,New York Knicks,84,Oklahoma City Thunder
Los Angeles Lakers,92,Los Angeles Clippers,108,Los Angeles Lakers
Charlotte Hornets,109,Atlanta Hawks,91,Charlotte Hornets
Indiana Pacers,96,Portland Trail Blazers,114,Indiana Pacers
Milwaukee Bucks,97,Cleveland Cavaliers,116,Milwaukee Bucks
Philadelphia 76ers,92,Boston Celtics,102,Philadelphia 76ers
Washington Wizards,115,Detroit Pistons,111,Washington Wizards
Brooklyn Nets,126,Orlando Magic,121,Brooklyn Nets
Minnesota Timberwolves,100,Utah Jazz,97,Minnesota Timberwolves
Dallas Mavericks,88,Sacramento Kings,93,Dallas Mavericks
New Orleans Pelicans,120,Golden State Warriors,128,New Orleans Pelicans
Phoenix Suns,130,Los Angeles Lakers,132,Phoenix Suns
Toronto Raptors,128,Philadelphia 76ers,94,Toronto Raptors
Chicago Bulls,77,San Antonio Spurs,87,Chicago Bulls
Cleveland Cavaliers,93,Orlando Magic,114,Cleveland Cavaliers
Houston Rockets,107,Dallas Mavericks,91,Houston Rockets
Memphis Grizzlies,111,Golden State Warriors,101,Memphis Grizzlies
Miami Heat,112,Indiana Pacers,108,Miami Heat
New York Knicks,107,Detroit Pistons,111,New York Knicks
Milwaukee Bucks,113,Portland Trail Blazers,110,Milwaukee Bucks
Denver Nuggets,96,Sacramento Kings,79,Denver Nuggets
Utah Jazz,96,Oklahoma City Thunder,87,Utah Jazz
Los Angeles Clippers,130,Phoenix Suns,88,Los Angeles Clippers
Brooklyn Nets,116,Atlanta Hawks,104,Brooklyn Nets
Oklahoma City Thunder,113,Minnesota Timberwolves,115,Oklahoma City Thunder
Los Angeles Lakers,112,New Orleans Pelicans,119,Los Angeles Lakers
Detroit Pistons,86,Philadelphia 76ers,97,Detroit Pistons
Miami Heat,104,Atlanta Hawks,93,Miami Heat
Houston Rockets,90,Memphis Grizzlies,98,Houston Rockets
Milwaukee Bucks,103,Charlotte Hornets,94,Milwaukee Bucks
Dallas Mavericks,103,Golden State Warriors,133,Dallas Mavericks
San Antonio Spurs,101,Toronto Raptors,97,San Antonio Spurs
Denver Nuggets,104,Washington Wizards,109,Denver Nuggets
Phoenix Suns,117,Sacramento Kings,115,Phoenix Suns
Cleveland Cavaliers,119,Chicago Bulls,112,Cleveland Cavaliers
Orlando Magic,125,Brooklyn Nets,121,Orlando Magic
Boston Celtics,110,New York Knicks,89,Boston Celtics
Minnesota Timberwolves,107,Indiana Pacers,130,Minnesota Timberwolves
Portland Trail Blazers,103,New Orleans Pelicans,93,Portland Trail Blazers
Los Angeles Clippers,102,Utah Jazz,84,Los Angeles Clippers
Charlotte Hornets,110,Denver Nuggets,93,Charlotte Hornets
Detroit Pistons,122,Minnesota Timberwolves,101,Detroit Pistons
Philadelphia 76ers,104,Houston Rockets,105,Philadelphia 76ers
Brooklyn Nets,112,Cleveland Cavaliers,107,Brooklyn Nets
Miami Heat,100,San Antonio Spurs,117,Miami Heat
Oklahoma City Thunder,114,Indiana Pacers,96,Oklahoma City Thunder
Dallas Mavericks,103,Memphis Grizzlies,94,Dallas Mavericks
Phoenix Suns,97,Utah Jazz,88,Phoenix Suns
Golden State Warriors,117,Toronto Raptors,112,Golden State Warriors
Los Angeles Lakers,102,Washington Wizards,99,Los Angeles Lakers
Chicago Bulls,91,Atlanta Hawks,86,Chicago Bulls
Memphis Grizzlies,96,Dallas Mavericks,91,Memphis Grizzlies
Milwaukee Bucks,89,Boston Celtics,96,Milwaukee Bucks
Portland Trail Blazers,103,Los Angeles Clippers,104,Portland Trail Blazers
Sacramento Kings,106,New Orleans Pelicans,114,Sacramento Kings
Charlotte Hornets,93,Houston Rockets,109,Charlotte Hornets
Orlando Magic,114,San Antonio Spurs,87,Orlando Magic
Atlanta Hawks,100,Denver Nuggets,105,Atlanta Hawks
New York Knicks,107,Brooklyn Nets,86,New York Knicks
Minnesota Timberwolves,119,Oklahoma City Thunder,116,Minnesota Timberwolves
Golden State Warriors,120,Washington Wizards,117,Golden State Warriors
Los Angeles Lakers,92,Toronto Raptors,101,Los Angeles Lakers
New Orleans Pelicans,123,Cleveland Cavaliers,101,New Orleans Pelicans
Chicago Bulls,69,Oklahoma City Thunder,101,Chicago Bulls
Memphis Grizzlies,103,Houston Rockets,89,Memphis Grizzlies
Miami Heat,90,Boston Celtics,96,Miami Heat
Dallas Mavericks,110,Philadelphia 76ers,112,Dallas Mavericks
Utah Jazz,96,Los Angeles Lakers,81,Utah Jazz
Portland Trail Blazers,114,Phoenix Suns,107,Portland Trail Blazers
Los Angeles Clippers,87,Detroit Pistons,95,Los Angeles Clippers
Atlanta Hawks,106,Milwaukee Bucks,117,Atlanta Hawks
Indiana Pacers,97,San Antonio Spurs,94,Indiana Pacers
Brooklyn Nets,111,Denver Nuggets,124,Brooklyn Nets
Charlotte Hornets,120,Orlando Magic,113,Charlotte Hornets
Sacramento Kings,83,Washington Wizards,110,Sacramento Kings
Cleveland Cavaliers,95,New York Knicks,114,Cleveland Cavaliers
Golden State Warriors,107,Detroit Pistons,115,Golden State Warriors
Boston Celtics,108,San Antonio Spurs,94,Boston Celtics
Miami Heat,122,Minnesota Timberwolves,125,Miami Heat
New York Knicks,116,Denver Nuggets,110,New York Knicks
Houston Rockets,107,Philadelphia 76ers,115,Houston Rockets
Memphis Grizzlies,99,Charlotte Hornets,104,Memphis Grizzlies
New Orleans Pelicans,99,Orlando Magic,115,New Orleans Pelicans
Utah Jazz,104,Dallas Mavericks,89,Utah Jazz
Portland Trail Blazers,85,Toronto Raptors,99,Portland Trail Blazers
Los Angeles Clippers,113,Golden State Warriors,141,Los Angeles Clippers
Indiana Pacers,101,Sacramento Kings,83,Indiana Pacers
Brooklyn Nets,114,Phoenix Suns,122,Brooklyn Nets
Milwaukee Bucks,91,Oklahoma City Thunder,110,Milwaukee Bucks
Los Angeles Lakers,113,Detroit Pistons,93,Los Angeles Lakers
Charlotte Hornets,126,Milwaukee Bucks,121,Charlotte Hornets
Cleveland Cavaliers,107,Indiana Pacers,124,Cleveland Cavaliers
Philadelphia 76ers,119,Atlanta Hawks,109,Philadelphia 76ers
Washington Wizards,116,Phoenix Suns,122,Washington Wizards
Boston Celtics,113,Sacramento Kings,86,Boston Celtics
Miami Heat,97,Chicago Bulls,91,Miami Heat
Memphis Grizzlies,99,Orlando Magic,101,Memphis Grizzlies
New Orleans Pelicans,98,Minnesota Timberwolves,104,New Orleans Pelicans
New York Knicks,97,Houston Rockets,119,New York Knicks
Denver Nuggets,129,Toronto Raptors,111,Denver Nuggets
Utah Jazz,112,Portland Trail Blazers,103,Utah Jazz
Los Angeles Clippers,119,Dallas Mavericks,98,Los Angeles Clippers
San Antonio Spurs,92,Golden State Warriors,112,San Antonio Spurs
Portland Trail Blazers,113,Los Angeles Lakers,110,Portland Trail Blazers
Detroit Pistons,105,Milwaukee Bucks,96,Detroit Pistons
Orlando Magic,83,Chicago Bulls,105,Orlando Magic
Philadelphia 76ers,121,Indiana Pacers,110,Philadelphia 76ers
Washington Wizards,122,Cleveland Cavaliers,130,Washington Wizards
Atlanta Hawks,104,Houston Rockets,119,Atlanta Hawks
New York Knicks,120,Phoenix Suns,107,New York Knicks
Dallas Mavericks,94,New Orleans Pelicans,99,Dallas Mavericks
San Antonio Spurs,108,Charlotte Hornets,101,San Antonio Spurs
Denver Nuggets,95,Miami Heat,94,Denver Nuggets
Utah Jazz,100,Toronto Raptors,109,Utah Jazz
Oklahoma City Thunder,94,Boston Celtics,101,Oklahoma City Thunder
Los Angeles Lakers,124,Brooklyn Nets,112,Los Angeles Lakers
Los Angeles Clippers,104,Memphis Grizzlies,113,Los Angeles Clippers
Detroit Pistons,108,Sacramento Kings,99,Detroit Pistons
Chicago Bulls,90,New Orleans Pelicans,96,Chicago Bulls
Minnesota Timberwolves,112,Dallas Mavericks,99,Minnesota Timberwolves
Denver Nuggets,108,Golden State Warriors,127,Denver Nuggets
Cleveland Cavaliers,115,Atlanta Hawks,117,Cleveland Cavaliers
Los Angeles Clippers,101,Miami Heat,104,Los Angeles Clippers
Orlando Magic,88,Boston Celtics,104,Orlando Magic
Toronto Raptors,96,Washington Wizards,107,Toronto Raptors
Houston Rockets,137,Utah Jazz,110,Houston Rockets
San Antonio Spurs,112,Phoenix Suns,95,San Antonio Spurs
New York Knicks,108,Indiana Pacers,101,New York Knicks
Minnesota Timberwolves,112,Charlotte Hornets,94,Minnesota Timberwolves
Portland Trail Blazers,103,Oklahoma City Thunder,99,Portland Trail Blazers
Los Angeles Lakers,107,Memphis Grizzlies,102,Los Angeles Lakers
Atlanta Hawks,107,Boston Celtics,110,Atlanta Hawks
Phoenix Suns,92,Brooklyn Nets,98,Phoenix Suns
Golden State Warriors,97,Miami Heat,80,Golden State Warriors
Cleveland Cavaliers,124,Milwaukee Bucks,119,Cleveland Cavaliers
Indiana Pacers,112,New Orleans Pelicans,117,Indiana Pacers
Washington Wizards,99,Dallas Mavericks,113,Washington Wizards
New York Knicks,118,Charlotte Hornets,113,New York Knicks
Toronto Raptors,119,Chicago Bulls,114,Toronto Raptors
San Antonio Spurs,120,Los Angeles Clippers,107,San Antonio Spurs
Denver Nuggets,112,Brooklyn Nets,104,Denver Nuggets
Utah Jazz,97,Philadelphia 76ers,104,Utah Jazz
Portland Trail Blazers,97,Memphis Grizzlies,98,Portland Trail Blazers
Sacramento Kings,94,Oklahoma City Thunder,86,Sacramento Kings
Detroit Pistons,114,Indiana Pacers,97,Detroit Pistons
Orlando Magic,112,New York Knicks,99,Orlando Magic
Boston Celtics,107,Los Angeles Lakers,96,Boston Celtics
Phoenix Suns,115,Miami Heat,126,Phoenix Suns
Golden State Warriors,125,Minnesota Timberwolves,101,Golden State Warriors
Washington Wizards,111,Los Angeles Lakers,95,Washington Wizards
Toronto Raptors,122,New Orleans Pelicans,118,Toronto Raptors
Houston Rockets,117,Cleveland Cavaliers,113,Houston Rockets
Sacramento Kings,109,Philadelphia 76ers,108,Sacramento Kings
Denver Nuggets,102,Oklahoma City Thunder,94,Denver Nuggets
Detroit Pistons,111,Atlanta Hawks,104,Detroit Pistons
Boston Celtics,90,Charlotte Hornets,87,Boston Celtics
Chicago Bulls,87,Indiana Pacers,105,Chicago Bulls
Oklahoma City Thunder,120,Los Angeles Clippers,111,Oklahoma City Thunder
Phoenix Suns,112,Orlando Magic,128,Phoenix Suns
San Antonio Spurs,87,Milwaukee Bucks,94,San Antonio Spurs
Utah Jazz,74,Miami Heat,84,Utah Jazz
Portland Trail Blazers,97,Brooklyn Nets,101,Portland Trail Blazers
New Orleans Pelicans,111,Los Angeles Clippers,103,New Orleans Pelicans
Washington Wizards,113,Atlanta Hawks,94,Washington Wizards
Houston Rockets,111,Memphis Grizzlies,96,Houston Rockets
New York Knicks,118,Sacramento Kings,91,New York Knicks
Dallas Mavericks,104,Cleveland Cavaliers,111,Dallas Mavericks
Golden State Warriors,135,Philadelphia 76ers,114,Golden State Warriors
Milwaukee Bucks,98,Los Angeles Lakers,90,Milwaukee Bucks
San Antonio Spurs,133,Chicago Bulls,94,San Antonio Spurs
Denver Nuggets,125,Orlando Magic,107,Denver Nuggets
Phoenix Suns,118,Minnesota Timberwolves,110,Phoenix Suns
Utah Jazz,114,Brooklyn Nets,106,Utah Jazz
Boston Celtics,95,Toronto Raptors,94,Boston Celtics
Detroit Pistons,112,Miami Heat,103,Detroit Pistons
Indiana Pacers,95,Houston Rockets,118,Indiana Pacers
Oklahoma City Thunder,112,Dallas Mavericks,99,Oklahoma City Thunder
Washington Wizards,110,Sacramento Kings,92,Washington Wizards
New York Knicks,101,Cleveland Cavaliers,104,New York Knicks
Milwaukee Bucks,110,Memphis Grizzlies,103,Milwaukee Bucks
New Orleans Pelicans,106,Atlanta Hawks,105,New Orleans Pelicans
Phoenix Suns,93,Los Angeles Lakers,100,Phoenix Suns
Utah Jazz,98,Minnesota Timberwolves,109,Utah Jazz
Portland Trail Blazers,99,Denver Nuggets,82,Portland Trail Blazers
Golden State Warriors,110,Orlando Magic,100,Golden State Warriors
Los Angeles Clippers,105,Philadelphia 76ers,109,Los Angeles Clippers
Brooklyn Nets,102,Boston Celtics,109,Brooklyn Nets
Houston Rockets,113,Toronto Raptors,129,Houston Rockets
Dallas Mavericks,91,San Antonio Spurs,97,Dallas Mavericks
Atlanta Hawks,126,Sacramento Kings,80,Atlanta Hawks
Miami Heat,93,Washington Wizards,102,Miami Heat
New York Knicks,106,Utah Jazz,101,New York Knicks
Charlotte Hornets,107,Cleveland Cavaliers,115,Charlotte Hornets
Memphis Grizzlies,113,Indiana Pacers,116,Memphis Grizzlies
Milwaukee Bucks,99,Detroit Pistons,95,Milwaukee Bucks
Minnesota Timberwolves,98,San Antonio Spurs,86,Minnesota Timberwolves
New Orleans Pelicans,116,Toronto Raptors,125,New Orleans Pelicans
Oklahoma City Thunder,92,Chicago Bulls,79,Oklahoma City Thunder
Portland Trail Blazers,99,Orlando Magic,94,Portland Trail Blazers
Los Angeles Lakers,109,Philadelphia 76ers,115,Los Angeles Lakers
Boston Celtics,92,Golden State Warriors,88,Boston Celtics
Phoenix Suns,116,Houston Rockets,142,Phoenix Suns
Indiana Pacers,107,Detroit Pistons,100,Indiana Pacers
Washington Wizards,88,Miami Heat,91,Washington Wizards
Brooklyn Nets,118,Utah Jazz,107,Brooklyn Nets
Cleveland Cavaliers,118,Los Angeles Clippers,113,Cleveland Cavaliers
Toronto Raptors,107,New York Knicks,84,Toronto Raptors
Chicago Bulls,123,Charlotte Hornets,120,Chicago Bulls
San Antonio Spurs,104,Oklahoma City Thunder,101,San Antonio Spurs
Dallas Mavericks,87,Minnesota Timberwolves,111,Dallas Mavericks
Sacramento Kings,86,Portland Trail Blazers,82,Sacramento Kings
Denver Nuggets,146,New Orleans Pelicans,114,Denver Nuggets
Los Angeles Lakers,113,Phoenix Suns,122,Los Angeles Lakers
Charlotte Hornets,102,Los Angeles Clippers,87,Charlotte Hornets
Orlando Magic,85,Utah Jazz,125,Orlando Magic
Atlanta Hawks,99,Boston Celtics,110,Atlanta Hawks
Philadelphia 76ers,116,Golden State Warriors,124,Philadelphia 76ers
Memphis Grizzlies,83,Houston Rockets,105,Memphis Grizzlies
Dallas Mavericks,111,Milwaukee Bucks,79,Dallas Mavericks
Portland Trail Blazers,102,Sacramento Kings,90,Portland Trail Blazers
Toronto Raptors,100,Washington Wizards,91,Toronto Raptors
Miami Heat,95,Indiana Pacers,120,Miami Heat
Brooklyn Nets,111,Golden State Warriors,118,Brooklyn Nets
Minnesota Timberwolves,97,Detroit Pistons,100,Minnesota Timberwolves
Phoenix Suns,113,Chicago Bulls,105,Phoenix Suns
Los Angeles Lakers,127,Denver Nuggets,109,Los Angeles Lakers
Charlotte Hornets,118,Minnesota Timberwolves,102,Charlotte Hornets
Detroit Pistons,88,Cleveland Cavaliers,116,Detroit Pistons
Orlando Magic,97,Indiana Pacers,105,Orlando Magic
Philadelphia 76ers,107,Utah Jazz,86,Philadelphia 76ers
New York Knicks,107,Los Angeles Clippers,85,New York Knicks
Memphis Grizzlies,92,Portland Trail Blazers,100,Memphis Grizzlies
Milwaukee Bucks,88,Washington Wizards,99,Milwaukee Bucks
New Orleans Pelicans,114,Oklahoma City Thunder,107,New Orleans Pelicans
Dallas Mavericks,102,Boston Celtics,110,Dallas Mavericks
San Antonio Spurs,96,Atlanta Hawks,85,San Antonio Spurs
Sacramento Kings,98,Denver Nuggets,114,Sacramento Kings
Los Angeles Lakers,103,Chicago Bulls,94,Los Angeles Lakers
Charlotte Hornets,129,Washington Wizards,124,Charlotte Hornets
Cleveland Cavaliers,119,Brooklyn Nets,109,Cleveland Cavaliers
Philadelphia 76ers,101,Portland Trail Blazers,81,Philadelphia 76ers
Atlanta Hawks,103,Los Angeles Clippers,116,Atlanta Hawks
Miami Heat,104,Boston Celtics,98,Miami Heat
New York Knicks,108,Toronto Raptors,100,New York Knicks
Houston Rockets,125,Denver Nuggets,95,Houston Rockets
Memphis Grizzlies,94,Dallas Mavericks,95,Memphis Grizzlies
Minnesota Timberwolves,124,Orlando Magic,118,Minnesota Timberwolves
New Orleans Pelicans,107,San Antonio Spurs,90,New Orleans Pelicans
Oklahoma City Thunder,108,Golden State Warriors,91,Oklahoma City Thunder
Phoenix Suns,107,Milwaukee Bucks,113,Phoenix Suns
Utah Jazz,110,Chicago Bulls,80,Utah Jazz
Sacramento Kings,113,Los Angeles Lakers,102,Sacramento Kings
Brooklyn Nets,125,Portland Trail Blazers,127,Brooklyn Nets
Atlanta Hawks,116,New York Knicks,104,Atlanta Hawks
Boston Celtics,118,Orlando Magic,103,Boston Celtics
Cleveland Cavaliers,100,Charlotte Hornets,99,Cleveland Cavaliers
Indiana Pacers,107,Toronto Raptors,104,Indiana Pacers
Minnesota Timberwolves,97,Miami Heat,109,Minnesota Timberwolves
Oklahoma City Thunder,98,Detroit Pistons,99,Oklahoma City Thunder
Denver Nuggets,104,Memphis Grizzlies,92,Denver Nuggets
Phoenix Suns,91,New Orleans Pelicans,115,Phoenix Suns
Golden State Warriors,143,Chicago Bulls,94,Golden State Warriors
Charlotte Hornets,86,San Antonio Spurs,106,Charlotte Hornets
Philadelphia 76ers,130,Orlando Magic,111,Philadelphia 76ers
Washington Wizards,105,Portland Trail Blazers,108,Washington Wizards
Atlanta Hawks,78,Toronto Raptors,112,Atlanta Hawks
Houston Rockets,117,New York Knicks,102,Houston Rockets
Indiana Pacers,98,Boston Celtics,108,Indiana Pacers
Dallas Mavericks,97,Oklahoma City Thunder,81,Dallas Mavericks
Golden State Warriors,110,New Orleans Pelicans,95,Golden State Warriors
Utah Jazz,121,Milwaukee Bucks,108,Utah Jazz
Sacramento Kings,95,Los Angeles Clippers,97,Sacramento Kings
Chicago Bulls,93,Miami Heat,100,Chicago Bulls
Minnesota Timberwolves,119,Phoenix Suns,108,Minnesota Timberwolves
Memphis Grizzlies,88,Brooklyn Nets,98,Memphis Grizzlies
Indiana Pacers,121,Orlando Magic,109,Indiana Pacers
Philadelphia 76ers,91,Cleveland Cavaliers,113,Philadelphia 76ers
Boston Celtics,108,Detroit Pistons,118,Boston Celtics
New York Knicks,91,Portland Trail Blazers,103,New York Knicks
Houston Rockets,117,Brooklyn Nets,103,Houston Rockets
San Antonio Spurs,115,Dallas Mavericks,108,San Antonio Spurs
Golden State Warriors,106,Sacramento Kings,110,Golden State Warriors
Los Angeles Clippers,120,Los Angeles Lakers,115,Los Angeles Clippers
Cleveland Cavaliers,108,Miami Heat,97,Cleveland Cavaliers
Chicago Bulls,99,Phoenix Suns,104,Chicago Bulls
Minnesota Timberwolves,89,Washington Wizards,92,Minnesota Timberwolves
Sacramento Kings,87,Milwaukee Bucks,112,Sacramento Kings
Utah Jazz,106,Denver Nuggets,77,Utah Jazz
Detroit Pistons,131,Phoenix Suns,107,Detroit Pistons
Orlando Magic,121,Oklahoma City Thunder,108,Orlando Magic
Philadelphia 76ers,118,Washington Wizards,113,Philadelphia 76ers
New York Knicks,115,Miami Heat,86,New York Knicks
Toronto Raptors,126,Charlotte Hornets,113,Toronto Raptors
Houston Rockets,118,Indiana Pacers,97,Houston Rockets
New Orleans Pelicans,102,Minnesota Timberwolves,120,New Orleans Pelicans
Dallas Mavericks,104,Brooklyn Nets,109,Dallas Mavericks
San Antonio Spurs,104,Memphis Grizzlies,95,San Antonio Spurs
Los Angeles Lakers,123,Golden State Warriors,127,Los Angeles Lakers
Atlanta Hawks,114,Cleveland Cavaliers,121,Atlanta Hawks
Boston Celtics,108,Philadelphia 76ers,97,Boston Celtics
Denver Nuggets,111,Chicago Bulls,110,Denver Nuggets
Portland Trail Blazers,91,Milwaukee Bucks,103,Portland Trail Blazers
Los Angeles Clippers,107,Utah Jazz,126,Los Angeles Clippers
Orlando Magic,112,Golden State Warriors,133,Orlando Magic
Washington Wizards,109,Detroit Pistons,91,Washington Wizards
Toronto Raptors,120,Indiana Pacers,115,Toronto Raptors
Chicago Bulls,106,Sacramento Kings,107,Chicago Bulls
Memphis Grizzlies,79,San Antonio Spurs,95,Memphis Grizzlies
Miami Heat,105,Charlotte Hornets,100,Miami Heat
Oklahoma City Thunder,111,Minnesota Timberwolves,107,Oklahoma City Thunder
Utah Jazz,114,New Orleans Pelicans,108,Utah Jazz
Boston Celtics,116,Phoenix Suns,111,Boston Celtics
Dallas Mavericks,108,Los Angeles Clippers,82,Dallas Mavericks
Brooklyn Nets,102,Atlanta Hawks,114,Brooklyn Nets
Cleveland Cavaliers,116,Memphis Grizzlies,111,Cleveland Cavaliers
Philadelphia 76ers,108,Detroit Pistons,103,Philadelphia 76ers
Milwaukee Bucks,109,Sacramento Kings,104,Milwaukee Bucks
Denver Nuggets,115,Los Angeles Lakers,100,Denver Nuggets
Portland Trail Blazers,116,New Orleans Pelicans,123,Portland Trail Blazers
New York Knicks,100,Orlando Magic,105,New York Knicks
Miami Heat,95,Golden State Warriors,123,Miami Heat
Minnesota Timberwolves,112,Los Angeles Clippers,106,Minnesota Timberwolves
Oklahoma City Thunder,90,San Antonio Spurs,87,Oklahoma City Thunder
Los Angeles Lakers,95,Houston Rockets,118,Los Angeles Lakers
Charlotte Hornets,104,Orlando Magic,94,Charlotte Hornets
Indiana Pacers,115,New York Knicks,97,Indiana Pacers
Philadelphia 76ers,101,Phoenix Suns,115,Philadelphia 76ers
Atlanta Hawks,90,Brooklyn Nets,110,Atlanta Hawks
Boston Celtics,111,Milwaukee Bucks,100,Boston Celtics
Chicago Bulls,91,Cleveland Cavaliers,113,Chicago Bulls
Memphis Grizzlies,95,Minnesota Timberwolves,92,Memphis Grizzlies
New Orleans Pelicans,115,Golden State Warriors,125,New Orleans Pelicans
Dallas Mavericks,122,Denver Nuggets,105,Dallas Mavericks
San Antonio Spurs,96,Detroit Pistons,93,San Antonio Spurs
Utah Jazz,116,Washington Wizards,69,Utah Jazz
Toronto Raptors,126,Phoenix Suns,113,Toronto Raptors
Oklahoma City Thunder,100,Utah Jazz,94,Oklahoma City Thunder
Portland Trail Blazers,92,Washington Wizards,106,Portland Trail Blazers
Cleveland Cavaliers,101,Sacramento Kings,95,Cleveland Cavaliers
Indiana Pacers,98,Chicago Bulls,96,Indiana Pacers
Orlando Magic,110,Atlanta Hawks,106,Orlando Magic
Boston Celtics,97,Dallas Mavericks,90,Boston Celtics
New York Knicks,99,Memphis Grizzlies,88,New York Knicks
Charlotte Hornets,87,Golden State Warriors,101,Charlotte Hornets
Milwaukee Bucks,104,Detroit Pistons,100,Milwaukee Bucks
New Orleans Pelicans,123,Denver Nuggets,114,New Orleans Pelicans
San Antonio Spurs,117,Miami Heat,105,San Antonio Spurs
Los Angeles Clippers,107,Minnesota Timberwolves,113,Los Angeles Clippers
Philadelphia 76ers,104,Los Angeles Lakers,107,Philadelphia 76ers
Phoenix Suns,99,Washington Wizards,109,Phoenix Suns
Brooklyn Nets,100,Oklahoma City Thunder,95,Brooklyn Nets
Utah Jazz,101,Houston Rockets,112,Utah Jazz
Charlotte Hornets,111,Chicago Bulls,119,Charlotte Hornets
Detroit Pistons,98,Golden State Warriors,102,Detroit Pistons
Indiana Pacers,106,Cleveland Cavaliers,102,Indiana Pacers
Orlando Magic,89,Denver Nuggets,103,Orlando Magic
Memphis Grizzlies,107,Toronto Raptors,116,Memphis Grizzlies
Milwaukee Bucks,109,Dallas Mavericks,102,Milwaukee Bucks
New Orleans Pelicans,109,Sacramento Kings,116,New Orleans Pelicans
San Antonio Spurs,105,Boston Celtics,102,San Antonio Spurs
Los Angeles Clippers,113,Washington Wizards,112,Los Angeles Clippers
Brooklyn Nets,89,Miami Heat,101,Brooklyn Nets
Charlotte Hornets,99,Los Angeles Lakers,110,Charlotte Hornets
Atlanta Hawks,117,Orlando Magic,110,Atlanta Hawks
Chicago Bulls,104,New York Knicks,102,Chicago Bulls
Cleveland Cavaliers,105,Philadelphia 76ers,98,Cleveland Cavaliers
Milwaukee Bucks,117,Utah Jazz,100,Milwaukee Bucks
Memphis Grizzlies,101,Oklahoma City Thunder,102,Memphis Grizzlies
Phoenix Suns,101,San Antonio Spurs,104,Phoenix Suns
Portland Trail Blazers,117,Houston Rockets,124,Portland Trail Blazers
Sacramento Kings,87,Toronto Raptors,102,Sacramento Kings
Detroit Pistons,81,Boston Celtics,91,Detroit Pistons
Indiana Pacers,126,Denver Nuggets,116,Indiana Pacers
Minnesota Timberwolves,97,Dallas Mavericks,92,Minnesota Timberwolves
New Orleans Pelicans,131,Philadelphia 76ers,124,New Orleans Pelicans
New York Knicks,111,Atlanta Hawks,107,New York Knicks
Chicago Bulls,108,Boston Celtics,85,Chicago Bulls
Houston Rockets,130,New Orleans Pelicans,123,Houston Rockets
Memphis Grizzlies,82,Miami Heat,107,Memphis Grizzlies
Oklahoma City Thunder,103,Charlotte Hornets,116,Oklahoma City Thunder
Golden State Warriors,111,Portland Trail Blazers,104,Golden State Warriors
Los Angeles Clippers,96,Toronto Raptors,91,Los Angeles Clippers
Cleveland Cavaliers,123,Atlanta Hawks,114,Cleveland Cavaliers
Detroit Pistons,84,Denver Nuggets,103,Detroit Pistons
New York Knicks,113,Los Angeles Lakers,109,New York Knicks
Brooklyn Nets,103,Washington Wizards,98,Brooklyn Nets
Dallas Mavericks,95,San Antonio Spurs,89,Dallas Mavericks
Minnesota Timberwolves,112,Philadelphia 76ers,118,Minnesota Timberwolves
Sacramento Kings,99,Phoenix Suns,92,Sacramento Kings
Indiana Pacers,95,Oklahoma City Thunder,100,Indiana Pacers
Orlando Magic,95,Los Angeles Clippers,106,Orlando Magic
Washington Wizards,93,Memphis Grizzlies,87,Washington Wizards
Boston Celtics,124,Denver Nuggets,118,Boston Celtics
Miami Heat,95,Portland Trail Blazers,102,Miami Heat
Chicago Bulls,103,Utah Jazz,100,Chicago Bulls
New Orleans Pelicans,115,Milwaukee Bucks,108,New Orleans Pelicans
Phoenix Suns,109,Toronto Raptors,115,Phoenix Suns
Houston Rockets,108,Charlotte Hornets,96,Houston Rockets
Atlanta Hawks,91,Detroit Pistons,105,Atlanta Hawks
Brooklyn Nets,104,New York Knicks,111,Brooklyn Nets
Cleveland Cavaliers,121,Los Angeles Lakers,112,Cleveland Cavaliers
Minnesota Timberwolves,119,Sacramento Kings,96,Minnesota Timberwolves
Golden State Warriors,112,Dallas Mavericks,97,Golden State Warriors
Charlotte Hornets,98,Miami Heat,104,Charlotte Hornets
Indiana Pacers,98,Detroit Pistons,104,Indiana Pacers
Orlando Magic,88,Portland Trail Blazers,95,Orlando Magic
Philadelphia 76ers,117,Oklahoma City Thunder,119,Philadelphia 76ers
Washington Wizards,100,Los Angeles Clippers,91,Washington Wizards
Boston Celtics,95,Utah Jazz,107,Boston Celtics
Toronto Raptors,120,Brooklyn Nets,87,Toronto Raptors
Memphis Grizzlies,96,Atlanta Hawks,94,Memphis Grizzlies
Milwaukee Bucks,109,Chicago Bulls,115,Milwaukee Bucks
Denver Nuggets,117,New Orleans Pelicans,111,Denver Nuggets
Houston Rockets,124,San Antonio Spurs,109,Houston Rockets
Charlotte Hornets,91,Portland Trail Blazers,93,Charlotte Hornets
Cleveland Cavaliers,109,Utah Jazz,100,Cleveland Cavaliers
New York Knicks,111,Oklahoma City Thunder,96,New York Knicks
Houston Rockets,115,Milwaukee Bucks,111,Houston Rockets
Miami Heat,90,Los Angeles Clippers,85,Miami Heat
Minnesota Timberwolves,106,Phoenix Suns,108,Minnesota Timberwolves
San Antonio Spurs,98,Dallas Mavericks,96,San Antonio Spurs
Memphis Grizzlies,93,Boston Celtics,102,Memphis Grizzlies
Toronto Raptors,108,Sacramento Kings,93,Toronto Raptors
Detroit Pistons,114,Orlando Magic,110,Detroit Pistons
Brooklyn Nets,97,Indiana Pacers,109,Brooklyn Nets
Washington Wizards,99,Cleveland Cavaliers,106,Washington Wizards
Charlotte Hornets,109,New York Knicks,91,Charlotte Hornets
Indiana Pacers,111,Boston Celtics,112,Indiana Pacers
Atlanta Hawks,110,Miami Heat,104,Atlanta Hawks
Chicago Bulls,117,Philadelphia 76ers,115,Chicago Bulls
Houston Rockets,120,Utah Jazz,99,Houston Rockets
Minnesota Timberwolves,108,Portland Trail Blazers,107,Minnesota Timberwolves
Oklahoma City Thunder,95,Denver Nuggets,94,Oklahoma City Thunder
Dallas Mavericks,91,Phoenix Suns,97,Dallas Mavericks
San Antonio Spurs,109,Los Angeles Clippers,91,San Antonio Spurs
Los Angeles Lakers,114,Golden State Warriors,116,Los Angeles Lakers
Philadelphia 76ers,95,Sacramento Kings,101,Philadelphia 76ers
Washington Wizards,116,New Orleans Pelicans,106,Washington Wizards
Milwaukee Bucks,119,Cleveland Cavaliers,116,Milwaukee Bucks
Charlotte Hornets,111,Toronto Raptors,129,Charlotte Hornets
Atlanta Hawks,95,Indiana Pacers,105,Atlanta Hawks
Boston Celtics,89,Miami Heat,90,Boston Celtics
Brooklyn Nets,99,Sacramento Kings,104,Brooklyn Nets
Chicago Bulls,112,Orlando Magic,94,Chicago Bulls
Houston Rockets,116,Los Angeles Lakers,122,Houston Rockets
Oklahoma City Thunder,107,Utah Jazz,79,Oklahoma City Thunder
Dallas Mavericks,110,Detroit Pistons,93,Dallas Mavericks
Denver Nuggets,104,Minnesota Timberwolves,112,Denver Nuggets
Portland Trail Blazers,91,San Antonio Spurs,93,Portland Trail Blazers
Golden State Warriors,97,Memphis Grizzlies,84,Golden State Warriors
Los Angeles Clippers,108,Phoenix Suns,95,Los Angeles Clippers
Cleveland Cavaliers,115,Chicago Bulls,112,Cleveland Cavaliers
Philadelphia 76ers,109,Toronto Raptors,114,Philadelphia 76ers
New York Knicks,102,Boston Celtics,93,New York Knicks
Phoenix Suns,97,Memphis Grizzlies,95,Phoenix Suns
Utah Jazz,100,San Antonio Spurs,89,Utah Jazz
Detroit Pistons,104,New York Knicks,101,Detroit Pistons
Orlando Magic,97,New Orleans Pelicans,111,Orlando Magic
Brooklyn Nets,119,Washington Wizards,84,Brooklyn Nets
Houston Rockets,118,Los Angeles Clippers,128,Houston Rockets
Miami Heat,113,Dallas Mavericks,101,Miami Heat
Milwaukee Bucks,109,Charlotte Hornets,104,Milwaukee Bucks
Oklahoma City Thunder,120,Atlanta Hawks,117,Oklahoma City Thunder
Portland Trail Blazers,85,Denver Nuggets,102,Portland Trail Blazers
Golden State Warriors,113,Los Angeles Lakers,106,Golden State Warriors
Toronto Raptors,102,Philadelphia 76ers,86,Toronto Raptors
Charlotte Hornets,111,Milwaukee Bucks,106,Charlotte Hornets
Indiana Pacers,123,Brooklyn Nets,119,Indiana Pacers
Washington Wizards,130,Orlando Magic,103,Washington Wizards
Atlanta Hawks,112,Dallas Mavericks,107,Atlanta Hawks
Boston Celtics,117,Chicago Bulls,92,Boston Celtics
Memphis Grizzlies,115,Los Angeles Clippers,112,Memphis Grizzlies
Miami Heat,94,New Orleans Pelicans,109,Miami Heat
Utah Jazz,89,Oklahoma City Thunder,103,Utah Jazz
Golden State Warriors,81,Denver Nuggets,96,Golden State Warriors
Phoenix Suns,106,Minnesota Timberwolves,115,Phoenix Suns
Los Angeles Lakers,92,Portland Trail Blazers,95,Los Angeles Lakers
Sacramento Kings,99,San Antonio Spurs,108,Sacramento Kings
New York Knicks,98,Philadelphia 76ers,105,New York Knicks
Golden State Warriors,99,Cleveland Cavaliers,92,Golden State Warriors
Boston Celtics,103,Washington Wizards,111,Boston Celtics
Oklahoma City Thunder,112,Houston Rockets,107,Oklahoma City Thunder
Los Angeles Lakers,104,Minnesota Timberwolves,121,Los Angeles Lakers
Dallas Mavericks,98,Toronto Raptors,93,Dallas Mavericks
Detroit Pistons,107,Indiana Pacers,83,Detroit Pistons
Miami Heat,107,Orlando Magic,89,Miami Heat
Milwaukee Bucks,106,Chicago Bulls,115,Milwaukee Bucks
San Antonio Spurs,109,Brooklyn Nets,97,San Antonio Spurs
Denver Nuggets,107,Utah Jazz,83,Denver Nuggets
Phoenix Suns,99,Memphis Grizzlies,97,Phoenix Suns
Los Angeles Clippers,122,Sacramento Kings,95,Los Angeles Clippers
Charlotte Hornets,91,Boston Celtics,102,Charlotte Hornets
Indiana Pacers,94,Dallas Mavericks,98,Indiana Pacers
Atlanta Hawks,113,Washington Wizards,99,Atlanta Hawks
Chicago Bulls,92,New York Knicks,87,Chicago Bulls
Minnesota Timberwolves,128,Denver Nuggets,125,Minnesota Timberwolves
New Orleans Pelicans,128,Brooklyn Nets,113,New Orleans Pelicans
Oklahoma City Thunder,124,Toronto Raptors,107,Oklahoma City Thunder
Sacramento Kings,109,Cleveland Cavaliers,95,Sacramento Kings
Golden State Warriors,126,Utah Jazz,101,Golden State Warriors
Los Angeles Lakers,99,Memphis Grizzlies,109,Los Angeles Lakers
Orlando Magic,102,Detroit Pistons,89,Orlando Magic
Boston Celtics,99,Houston Rockets,98,Boston Celtics
Milwaukee Bucks,102,Minnesota Timberwolves,96,Milwaukee Bucks
San Antonio Spurs,119,New York Knicks,107,San Antonio Spurs
Portland Trail Blazers,114,Philadelphia 76ers,110,Portland Trail Blazers
Washington Wizards,121,Houston Rockets,103,Washington Wizards
Toronto Raptors,111,Atlanta Hawks,98,Toronto Raptors
Chicago Bulls,119,Indiana Pacers,107,Chicago Bulls
Miami Heat,87,Brooklyn Nets,111,Miami Heat
New Orleans Pelicans,120,Dallas Mavericks,128,New Orleans Pelicans
Oklahoma City Thunder,95,Milwaukee Bucks,97,Oklahoma City Thunder
Sacramento Kings,101,Phoenix Suns,111,Sacramento Kings
Golden State Warriors,100,Charlotte Hornets,111,Golden State Warriors
Los Angeles Lakers,106,Los Angeles Clippers,121,Los Angeles Lakers
Detroit Pistons,93,San Antonio Spurs,79,Detroit Pistons
New Orleans Pelicans,103,New York Knicks,105,New Orleans Pelicans
Orlando Magic,111,Miami Heat,117,Orlando Magic
Atlanta Hawks,104,Portland Trail Blazers,89,Atlanta Hawks
Utah Jazz,104,Cleveland Cavaliers,101,Utah Jazz
Golden State Warriors,141,Memphis Grizzlies,128,Golden State Warriors
Denver Nuggets,102,Philadelphia 76ers,107,Denver Nuggets
Washington Wizards,114,Chicago Bulls,110,Washington Wizards
Indiana Pacers,90,Minnesota Timberwolves,107,Indiana Pacers
Boston Celtics,108,Brooklyn Nets,105,Boston Celtics
Houston Rockets,148,Los Angeles Lakers,142,Houston Rockets
Los Angeles Clippers,106,Charlotte Hornets,98,Los Angeles Clippers
Oklahoma City Thunder,113,Dallas Mavericks,116,Oklahoma City Thunder
Sacramento Kings,96,Memphis Grizzlies,114,Sacramento Kings
Phoenix Suns,110,Philadelphia 76ers,123,Phoenix Suns
Brooklyn Nets,98,Orlando Magic,95,Brooklyn Nets
Toronto Raptors,131,Milwaukee Bucks,127,Toronto Raptors
Chicago Bulls,120,Portland Trail Blazers,124,Chicago Bulls
Minnesota Timberwolves,114,Los Angeles Lakers,96,Minnesota Timberwolves
Cleveland Cavaliers,127,Portland Trail Blazers,110,Cleveland Cavaliers
New York Knicks,91,San Antonio Spurs,100,New York Knicks
Phoenix Suns,104,Atlanta Hawks,103,Phoenix Suns
Sacramento Kings,111,Charlotte Hornets,131,Sacramento Kings
Los Angeles Clippers,113,Memphis Grizzlies,105,Los Angeles Clippers
Orlando Magic,98,Houston Rockets,116,Orlando Magic
Philadelphia 76ers,112,San Antonio Spurs,106,Philadelphia 76ers
Washington Wizards,121,New York Knicks,103,Washington Wizards
Brooklyn Nets,98,Minnesota Timberwolves,97,Brooklyn Nets
Miami Heat,111,Detroit Pistons,104,Miami Heat
Boston Celtics,102,Cleveland Cavaliers,88,Boston Celtics
Chicago Bulls,115,Toronto Raptors,124,Chicago Bulls
Milwaukee Bucks,122,Indiana Pacers,101,Milwaukee Bucks
Dallas Mavericks,122,Golden State Warriors,125,Dallas Mavericks
Denver Nuggets,134,Phoenix Suns,111,Denver Nuggets
Utah Jazz,98,New Orleans Pelicans,108,Utah Jazz
Los Angeles Lakers,96,Oklahoma City Thunder,133,Los Angeles Lakers
Houston Rockets,114,Golden State Warriors,124,Houston Rockets
Los Angeles Clippers,117,Oklahoma City Thunder,127,Los Angeles Clippers
Boston Celtics,91,Minnesota Timberwolves,84,Boston Celtics
Philadelphia 76ers,114,Detroit Pistons,78,Philadelphia 76ers
Miami Heat,107,New York Knicks,103,Miami Heat
Milwaukee Bucks,110,Toronto Raptors,129,Milwaukee Bucks
Dallas Mavericks,124,Chicago Bulls,127,Dallas Mavericks
San Antonio Spurs,103,Phoenix Suns,89,San Antonio Spurs
Denver Nuggets,99,Utah Jazz,91,Denver Nuggets
Memphis Grizzlies,100,Washington Wizards,102,Memphis Grizzlies
Portland Trail Blazers,110,Atlanta Hawks,89,Portland Trail Blazers
Los Angeles Lakers,94,Charlotte Hornets,108,Los Angeles Lakers
Los Angeles Clippers,105,Golden State Warriors,121,Los Angeles Clippers
Brooklyn Nets,85,Boston Celtics,87,Brooklyn Nets
Detroit Pistons,108,Houston Rockets,101,Detroit Pistons
Indiana Pacers,125,Chicago Bulls,86,Indiana Pacers
Orlando Magic,127,Cleveland Cavaliers,131,Orlando Magic
Washington Wizards,103,Milwaukee Bucks,110,Washington Wizards
Minnesota Timberwolves,116,New Orleans Pelicans,98,Minnesota Timberwolves
Sacramento Kings,106,Denver Nuggets,98,Sacramento Kings
Miami Heat,103,Utah Jazz,102,Miami Heat
Dallas Mavericks,96,New York Knicks,100,Dallas Mavericks
Phoenix Suns,114,Oklahoma City Thunder,100,Phoenix Suns
Portland Trail Blazers,111,San Antonio Spurs,110,Portland Trail Blazers
Los Angeles Lakers,132,Atlanta Hawks,113,Los Angeles Lakers
Indiana Pacers,109,Milwaukee Bucks,96,Indiana Pacers
Brooklyn Nets,113,Toronto Raptors,114,Brooklyn Nets
Chicago Bulls,107,Houston Rockets,116,Chicago Bulls
Minnesota Timberwolves,127,Cleveland Cavaliers,99,Minnesota Timberwolves
New Orleans Pelicans,112,Detroit Pistons,109,New Orleans Pelicans
Sacramento Kings,100,San Antonio Spurs,107,Sacramento Kings
Golden State Warriors,124,Denver Nuggets,114,Golden State Warriors
Los Angeles Clippers,108,Atlanta Hawks,107,Los Angeles Clippers
Toronto Raptors,89,Miami Heat,90,Toronto Raptors
Oklahoma City Thunder,106,Portland Trail Blazers,117,Oklahoma City Thunder
Dallas Mavericks,114,Orlando Magic,99,Dallas Mavericks
Los Angeles Lakers,99,Sacramento Kings,86,Los Angeles Lakers
Charlotte Hornets,111,Dallas Mavericks,115,Charlotte Hornets
Indiana Pacers,106,Miami Heat,114,Indiana Pacers
Washington Wizards,104,Utah Jazz,107,Washington Wizards
Brooklyn Nets,80,Detroit Pistons,114,Brooklyn Nets
New York Knicks,119,Chicago Bulls,122,New York Knicks
Houston Rockets,121,Portland Trail Blazers,112,Houston Rockets
Memphis Grizzlies,105,New Orleans Pelicans,102,Memphis Grizzlies
Milwaukee Bucks,110,Orlando Magic,103,Milwaukee Bucks
Minnesota Timberwolves,104,Oklahoma City Thunder,88,Minnesota Timberwolves
Denver Nuggets,97,Atlanta Hawks,110,Denver Nuggets
Golden State Warriors,106,Los Angeles Clippers,125,Golden State Warriors
Philadelphia 76ers,103,Boston Celtics,114,Philadelphia 76ers
Toronto Raptors,133,Cleveland Cavaliers,99,Toronto Raptors
Sacramento Kings,115,Los Angeles Clippers,121,Sacramento Kings
Los Angeles Lakers,93,San Antonio Spurs,81,Los Angeles Lakers
Charlotte Hornets,99,Utah Jazz,88,Charlotte Hornets
Indiana Pacers,97,Cleveland Cavaliers,95,Indiana Pacers
Washington Wizards,125,Orlando Magic,119,Washington Wizards
Atlanta Hawks,105,Brooklyn Nets,110,Atlanta Hawks
Milwaukee Bucks,94,Golden State Warriors,108,Milwaukee Bucks
Minnesota Timberwolves,118,New York Knicks,108,Minnesota Timberwolves
New Orleans Pelicans,119,Portland Trail Blazers,113,New Orleans Pelicans
Denver Nuggets,87,Memphis Grizzlies,78,Denver Nuggets
Phoenix Suns,95,Houston Rockets,112,Phoenix Suns
Dallas Mavericks,101,Los Angeles Lakers,107,Dallas Mavericks
Los Angeles Clippers,126,Sacramento Kings,105,Los Angeles Clippers
Charlotte Hornets,91,Oklahoma City Thunder,101,Charlotte Hornets
Washington Wizards,119,Brooklyn Nets,113,Washington Wizards
Toronto Raptors,125,Golden State Warriors,127,Toronto Raptors
Chicago Bulls,107,Detroit Pistons,105,Chicago Bulls
San Antonio Spurs,112,Denver Nuggets,80,San Antonio Spurs
Miami Heat,97,Milwaukee Bucks,79,Miami Heat
New York Knicks,118,New Orleans Pelicans,123,New York Knicks
Phoenix Suns,97,Indiana Pacers,120,Phoenix Suns
Minnesota Timberwolves,120,Portland Trail Blazers,103,Minnesota Timberwolves
Detroit Pistons,107,Charlotte Hornets,118,Detroit Pistons
Philadelphia 76ers,117,Toronto Raptors,111,Philadelphia 76ers
Washington Wizards,95,Milwaukee Bucks,104,Washington Wizards
Atlanta Hawks,102,San Antonio Spurs,99,Atlanta Hawks
Brooklyn Nets,104,New York Knicks,119,Brooklyn Nets
Chicago Bulls,119,Miami Heat,111,Chicago Bulls
Memphis Grizzlies,123,Los Angeles Lakers,114,Memphis Grizzlies
Cleveland Cavaliers,108,Golden State Warriors,118,Cleveland Cavaliers
Oklahoma City Thunder,95,Sacramento Kings,88,Oklahoma City Thunder
Utah Jazz,94,Indiana Pacers,109,Utah Jazz
Los Angeles Clippers,113,Houston Rockets,102,Los Angeles Clippers
Orlando Magic,108,Minnesota Timberwolves,102,Orlando Magic
Boston Celtics,113,New Orleans Pelicans,116,Boston Celtics
Denver Nuggets,105,Dallas Mavericks,102,Denver Nuggets
Portland Trail Blazers,118,Phoenix Suns,111,Portland Trail Blazers
Charlotte Hornets,133,Washington Wizards,109,Charlotte Hornets
Atlanta Hawks,94,New Orleans Pelicans,93,Atlanta Hawks
Brooklyn Nets,95,San Antonio Spurs,100,Brooklyn Nets
Toronto Raptors,96,Detroit Pistons,91,Toronto Raptors
Chicago Bulls,112,Golden State Warriors,119,Chicago Bulls
Memphis Grizzlies,105,New York Knicks,99,Memphis Grizzlies
Milwaukee Bucks,101,Miami Heat,106,Milwaukee Bucks
Oklahoma City Thunder,114,Los Angeles Lakers,90,Oklahoma City Thunder
Sacramento Kings,105,Utah Jazz,120,Sacramento Kings
Los Angeles Clippers,109,Denver Nuggets,104,Los Angeles Clippers
Boston Celtics,80,Philadelphia 76ers,89,Boston Celtics
Cleveland Cavaliers,104,Orlando Magic,103,Cleveland Cavaliers
Houston Rockets,116,Minnesota Timberwolves,98,Houston Rockets
Portland Trail Blazers,100,Indiana Pacers,86,Portland Trail Blazers
Toronto Raptors,86,San Antonio Spurs,83,Toronto Raptors
Brooklyn Nets,101,Miami Heat,95,Brooklyn Nets
Detroit Pistons,112,Washington Wizards,122,Detroit Pistons
Memphis Grizzlies,106,Sacramento Kings,88,Memphis Grizzlies
Denver Nuggets,100,Phoenix Suns,108,Denver Nuggets
Los Angeles Lakers,99,Indiana Pacers,86,Los Angeles Lakers
Utah Jazz,115,New York Knicks,117,Utah Jazz
Cleveland Cavaliers,124,Oklahoma City Thunder,148,Cleveland Cavaliers
Atlanta Hawks,97,Chicago Bulls,113,Atlanta Hawks
Charlotte Hornets,105,Miami Heat,106,Charlotte Hornets
New Orleans Pelicans,111,Memphis Grizzlies,104,New Orleans Pelicans
Philadelphia 76ers,116,Milwaukee Bucks,94,Philadelphia 76ers
Houston Rockets,116,Golden State Warriors,108,Houston Rockets
Minnesota Timberwolves,115,Toronto Raptors,109,Minnesota Timberwolves
Utah Jazz,125,Los Angeles Clippers,113,Utah Jazz
Portland Trail Blazers,117,Dallas Mavericks,108,Portland Trail Blazers
Boston Celtics,95,Orlando Magic,103,Boston Celtics
Los Angeles Lakers,127,New York Knicks,107,Los Angeles Lakers
Detroit Pistons,100,Brooklyn Nets,101,Detroit Pistons
San Antonio Spurs,86,Indiana Pacers,94,San Antonio Spurs
Charlotte Hornets,112,Sacramento Kings,107,Charlotte Hornets
Atlanta Hawks,104,Utah Jazz,90,Atlanta Hawks
Houston Rockets,99,Miami Heat,90,Houston Rockets
Memphis Grizzlies,105,Philadelphia 76ers,101,Memphis Grizzlies
Milwaukee Bucks,109,Phoenix Suns,105,Milwaukee Bucks
New Orleans Pelicans,132,Chicago Bulls,128,New Orleans Pelicans
Dallas Mavericks,98,Washington Wizards,75,Dallas Mavericks
Denver Nuggets,104,Portland Trail Blazers,101,Denver Nuggets
Los Angeles Clippers,118,Minnesota Timberwolves,126,Los Angeles Clippers
Orlando Magic,99,Sacramento Kings,105,Orlando Magic
Oklahoma City Thunder,109,Brooklyn Nets,108,Oklahoma City Thunder
San Antonio Spurs,114,Cleveland Cavaliers,102,San Antonio Spurs
Golden State Warriors,123,New York Knicks,112,Golden State Warriors
Los Angeles Lakers,108,Boston Celtics,107,Los Angeles Lakers
Charlotte Hornets,96,New Orleans Pelicans,101,Charlotte Hornets
Detroit Pistons,95,Utah Jazz,98,Detroit Pistons
Indiana Pacers,116,Phoenix Suns,101,Indiana Pacers
Philadelphia 76ers,115,Chicago Bulls,101,Philadelphia 76ers
Atlanta Hawks,93,Toronto Raptors,108,Atlanta Hawks
Dallas Mavericks,97,Houston Rockets,104,Dallas Mavericks
Memphis Grizzlies,85,San Antonio Spurs,108,Memphis Grizzlies
Portland Trail Blazers,123,Minnesota Timberwolves,114,Portland Trail Blazers
Los Angeles Clippers,102,Boston Celtics,113,Los Angeles Clippers
Miami Heat,88,Sacramento Kings,89,Miami Heat
Oklahoma City Thunder,121,Washington Wizards,112,Oklahoma City Thunder
Denver Nuggets,130,New York Knicks,118,Denver Nuggets
Golden State Warriors,126,Minnesota Timberwolves,113,Golden State Warriors
Charlotte Hornets,121,Atlanta Hawks,110,Charlotte Hornets
Cleveland Cavaliers,115,Indiana Pacers,108,Cleveland Cavaliers
Toronto Raptors,93,Utah Jazz,97,Toronto Raptors
Chicago Bulls,103,Los Angeles Lakers,108,Chicago Bulls
Memphis Grizzlies,100,Los Angeles Clippers,109,Memphis Grizzlies
Milwaukee Bucks,116,Brooklyn Nets,91,Milwaukee Bucks
New Orleans Pelicans,115,Houston Rockets,113,New Orleans Pelicans
Dallas Mavericks,93,Portland Trail Blazers,107,Dallas Mavericks
San Antonio Spurs,78,Philadelphia 76ers,97,San Antonio Spurs
Phoenix Suns,85,New York Knicks,107,Phoenix Suns
Detroit Pistons,108,Oklahoma City Thunder,121,Detroit Pistons
Indiana Pacers,114,Orlando Magic,112,Indiana Pacers
Atlanta Hawks,104,Washington Wizards,129,Atlanta Hawks
Miami Heat,95,Charlotte Hornets,91,Miami Heat
Golden State Warriors,109,Boston Celtics,105,Golden State Warriors
Denver Nuggets,91,Dallas Mavericks,89,Denver Nuggets
Minnesota Timberwolves,111,Brooklyn Nets,97,Minnesota Timberwolves
Chicago Bulls,96,Milwaukee Bucks,110,Chicago Bulls
Houston Rockets,113,Phoenix Suns,102,Houston Rockets
New Orleans Pelicans,103,Los Angeles Clippers,112,New Orleans Pelicans
Cleveland Cavaliers,121,Detroit Pistons,104,Cleveland Cavaliers
Oklahoma City Thunder,122,Philadelphia 76ers,112,Oklahoma City Thunder
Toronto Raptors,123,Los Angeles Lakers,111,Toronto Raptors
San Antonio Spurs,113,Sacramento Kings,98,San Antonio Spurs
Indiana Pacers,105,Charlotte Hornets,96,Indiana Pacers
Atlanta Hawks,105,Minnesota Timberwolves,100,Atlanta Hawks
Memphis Grizzlies,120,Phoenix Suns,109,Memphis Grizzlies
Milwaukee Bucks,107,Philadelphia 76ers,95,Milwaukee Bucks
Dallas Mavericks,88,Miami Heat,95,Dallas Mavericks
Denver Nuggets,110,Boston Celtics,111,Denver Nuggets
Washington Wizards,102,Oklahoma City Thunder,96,Washington Wizards
New York Knicks,111,Brooklyn Nets,95,New York Knicks
Toronto Raptors,109,Minnesota Timberwolves,104,Toronto Raptors
Detroit Pistons,125,Cleveland Cavaliers,114,Detroit Pistons
Houston Rockets,114,Orlando Magic,107,Houston Rockets
New Orleans Pelicans,103,Sacramento Kings,114,New Orleans Pelicans
San Antonio Spurs,106,Denver Nuggets,104,San Antonio Spurs
Utah Jazz,129,Golden State Warriors,99,Utah Jazz
Los Angeles Clippers,96,Portland Trail Blazers,104,Los Angeles Clippers
Indiana Pacers,105,Memphis Grizzlies,101,Indiana Pacers
Orlando Magic,127,Los Angeles Lakers,105,Orlando Magic
Atlanta Hawks,110,Charlotte Hornets,123,Atlanta Hawks
Brooklyn Nets,116,Philadelphia 76ers,108,Brooklyn Nets
Cleveland Cavaliers,91,Miami Heat,89,Cleveland Cavaliers
Boston Celtics,103,New York Knicks,73,Boston Celtics
Portland Trail Blazers,124,Chicago Bulls,108,Portland Trail Blazers
Phoenix Suns,102,Dallas Mavericks,88,Phoenix Suns
Detroit Pistons,104,Memphis Grizzlies,102,Detroit Pistons
Washington Wizards,122,Toronto Raptors,119,Washington Wizards
Minnesota Timberwolves,108,Milwaukee Bucks,89,Minnesota Timberwolves
San Antonio Spurs,91,Houston Rockets,102,San Antonio Spurs
Denver Nuggets,127,Oklahoma City Thunder,124,Denver Nuggets
Charlotte Hornets,133,Indiana Pacers,126,Charlotte Hornets
Boston Celtics,119,Atlanta Hawks,110,Boston Celtics
Brooklyn Nets,99,Los Angeles Lakers,102,Brooklyn Nets
Toronto Raptors,130,Portland Trail Blazers,105,Toronto Raptors
Milwaukee Bucks,92,New York Knicks,90,Milwaukee Bucks
Philadelphia 76ers,103,Miami Heat,97,Philadelphia 76ers
Oklahoma City Thunder,100,New Orleans Pelicans,114,Oklahoma City Thunder
Phoenix Suns,97,Utah Jazz,129,Phoenix Suns
Sacramento Kings,104,Golden State Warriors,119,Sacramento Kings
Los Angeles Clippers,113,Chicago Bulls,103,Los Angeles Clippers
Detroit Pistons,111,Miami Heat,107,Detroit Pistons
Indiana Pacers,100,Philadelphia 76ers,92,Indiana Pacers
Orlando Magic,98,Washington Wizards,115,Orlando Magic
Cleveland Cavaliers,88,Houston Rockets,120,Cleveland Cavaliers
Denver Nuggets,115,Golden State Warriors,108,Denver Nuggets
Minnesota Timberwolves,118,New Orleans Pelicans,107,Minnesota Timberwolves
San Antonio Spurs,111,Utah Jazz,120,San Antonio Spurs
Sacramento Kings,99,Dallas Mavericks,106,Sacramento Kings
Boston Celtics,97,Portland Trail Blazers,96,Boston Celtics
Brooklyn Nets,94,Milwaukee Bucks,109,Brooklyn Nets
New York Knicks,96,Atlanta Hawks,99,New York Knicks
Toronto Raptors,101,Memphis Grizzlies,86,Toronto Raptors
Oklahoma City Thunder,104,Los Angeles Lakers,108,Oklahoma City Thunder
Phoenix Suns,110,Charlotte Hornets,115,Phoenix Suns
Detroit Pistons,111,Portland Trail Blazers,91,Detroit Pistons
Indiana Pacers,102,Washington Wizards,111,Indiana Pacers
Miami Heat,109,Orlando Magic,111,Miami Heat
New Orleans Pelicans,109,Utah Jazz,133,New Orleans Pelicans
Denver Nuggets,121,Charlotte Hornets,104,Denver Nuggets
Sacramento Kings,104,Chicago Bulls,98,Sacramento Kings
Los Angeles Clippers,104,Dallas Mavericks,101,Los Angeles Clippers
Orlando Magic,116,Cleveland Cavaliers,98,Orlando Magic
Atlanta Hawks,108,Memphis Grizzlies,82,Atlanta Hawks
Brooklyn Nets,113,Houston Rockets,123,Brooklyn Nets
New York Knicks,89,Milwaukee Bucks,103,New York Knicks
Toronto Raptors,111,Boston Celtics,91,Toronto Raptors
Philadelphia 76ers,115,Washington Wizards,102,Philadelphia 76ers
Golden State Warriors,105,Oklahoma City Thunder,125,Golden State Warriors
Los Angeles Lakers,112,Phoenix Suns,93,Los Angeles Lakers
Detroit Pistons,115,Brooklyn Nets,106,Detroit Pistons
Miami Heat,101,Houston Rockets,109,Miami Heat
Cleveland Cavaliers,140,Minnesota Timberwolves,138,Cleveland Cavaliers
Memphis Grizzlies,88,Utah Jazz,92,Memphis Grizzlies
Phoenix Suns,81,San Antonio Spurs,129,Phoenix Suns
Orlando Magic,100,Atlanta Hawks,98,Orlando Magic
Toronto Raptors,113,New York Knicks,88,Toronto Raptors
Washington Wizards,104,Boston Celtics,110,Washington Wizards
Portland Trail Blazers,109,Charlotte Hornets,103,Portland Trail Blazers
Golden State Warriors,121,Dallas Mavericks,103,Golden State Warriors
Los Angeles Lakers,106,Oklahoma City Thunder,81,Los Angeles Lakers
Detroit Pistons,95,Los Angeles Clippers,108,Detroit Pistons
Philadelphia 76ers,100,New Orleans Pelicans,82,Philadelphia 76ers
Atlanta Hawks,107,Cleveland Cavaliers,123,Atlanta Hawks
Boston Celtics,91,Indiana Pacers,97,Boston Celtics
Houston Rockets,130,Denver Nuggets,104,Houston Rockets
Miami Heat,91,Milwaukee Bucks,85,Miami Heat
Utah Jazz,106,Charlotte Hornets,94,Utah Jazz
Chicago Bulls,114,Minnesota Timberwolves,113,Chicago Bulls
Sacramento Kings,100,Portland Trail Blazers,118,Sacramento Kings
Brooklyn Nets,128,New Orleans Pelicans,138,Brooklyn Nets
Orlando Magic,104,Milwaukee Bucks,111,Orlando Magic
Philadelphia 76ers,112,Los Angeles Clippers,98,Philadelphia 76ers
Chicago Bulls,90,Washington Wizards,101,Chicago Bulls
Dallas Mavericks,130,Los Angeles Lakers,123,Dallas Mavericks
Golden State Warriors,122,San Antonio Spurs,105,Golden State Warriors
Phoenix Suns,113,Denver Nuggets,123,Phoenix Suns
Charlotte Hornets,103,Toronto Raptors,123,Charlotte Hornets
Atlanta Hawks,118,Detroit Pistons,115,Atlanta Hawks
Boston Celtics,99,Cleveland Cavaliers,121,Boston Celtics
Indiana Pacers,121,New York Knicks,113,Indiana Pacers
Houston Rockets,104,Dallas Mavericks,97,Houston Rockets
Minnesota Timberwolves,111,Sacramento Kings,106,Minnesota Timberwolves
Oklahoma City Thunder,110,Memphis Grizzlies,92,Oklahoma City Thunder
Portland Trail Blazers,96,Utah Jazz,115,Portland Trail Blazers
Detroit Pistons,103,New Orleans Pelicans,118,Detroit Pistons
Philadelphia 76ers,108,New York Knicks,92,Philadelphia 76ers
Brooklyn Nets,101,Los Angeles Clippers,114,Brooklyn Nets
Chicago Bulls,105,Orlando Magic,101,Chicago Bulls
Utah Jazz,101,San Antonio Spurs,99,Utah Jazz
Golden State Warriors,129,Phoenix Suns,83,Golden State Warriors
Toronto Raptors,115,Miami Heat,112,Toronto Raptors
Milwaukee Bucks,97,Atlanta Hawks,92,Milwaukee Bucks
Minnesota Timberwolves,108,Houston Rockets,126,Minnesota Timberwolves
Oklahoma City Thunder,112,Cleveland Cavaliers,120,Oklahoma City Thunder
Dallas Mavericks,109,Sacramento Kings,114,Dallas Mavericks
Denver Nuggets,117,San Antonio Spurs,109,Denver Nuggets
Detroit Pistons,104,Atlanta Hawks,98,Detroit Pistons
Orlando Magic,102,Charlotte Hornets,104,Orlando Magic
Philadelphia 76ers,104,Miami Heat,102,Philadelphia 76ers
Brooklyn Nets,103,Indiana Pacers,108,Brooklyn Nets
New York Knicks,113,Washington Wizards,118,New York Knicks
Boston Celtics,119,Los Angeles Clippers,129,Boston Celtics
Chicago Bulls,98,Toronto Raptors,122,Chicago Bulls
Houston Rockets,100,Sacramento Kings,91,Houston Rockets
Memphis Grizzlies,114,Oklahoma City Thunder,121,Memphis Grizzlies
New Orleans Pelicans,139,Los Angeles Lakers,117,New Orleans Pelicans
Utah Jazz,107,Phoenix Suns,97,Utah Jazz
Portland Trail Blazers,123,Golden State Warriors,117,Portland Trail Blazers
Milwaukee Bucks,123,Denver Nuggets,134,Milwaukee Bucks
Minnesota Timberwolves,119,Los Angeles Lakers,111,Minnesota Timberwolves
Charlotte Hornets,111,Brooklyn Nets,96,Charlotte Hornets
Orlando Magic,113,New York Knicks,120,Orlando Magic
Chicago Bulls,115,Philadelphia 76ers,116,Chicago Bulls
Cleveland Cavaliers,103,Washington Wizards,110,Cleveland Cavaliers
Sacramento Kings,107,Oklahoma City Thunder,110,Sacramento Kings
Golden State Warriors,134,Los Angeles Clippers,127,Golden State Warriors
Detroit Pistons,98,Boston Celtics,110,Detroit Pistons
Indiana Pacers,116,Atlanta Hawks,93,Indiana Pacers
Washington Wizards,105,Charlotte Hornets,122,Washington Wizards
Toronto Raptors,119,Milwaukee Bucks,122,Toronto Raptors
Houston Rockets,120,Minnesota Timberwolves,102,Houston Rockets
Memphis Grizzlies,89,Cleveland Cavaliers,112,Memphis Grizzlies
New Orleans Pelicans,124,Miami Heat,123,New Orleans Pelicans
Denver Nuggets,122,San Antonio Spurs,119,Denver Nuggets
Phoenix Suns,117,Los Angeles Clippers,128,Phoenix Suns
Utah Jazz,81,Portland Trail Blazers,100,Utah Jazz
Los Angeles Lakers,124,Dallas Mavericks,102,Los Angeles Lakers
Philadelphia 76ers,116,Orlando Magic,105,Philadelphia 76ers
Miami Heat,115,Memphis Grizzlies,89,Miami Heat
New York Knicks,112,Boston Celtics,121,New York Knicks
Golden State Warriors,112,Oklahoma City Thunder,80,Golden State Warriors
Minnesota Timberwolves,122,Chicago Bulls,104,Minnesota Timberwolves
Phoenix Suns,104,Portland Trail Blazers,106,Phoenix Suns
Utah Jazz,97,Dallas Mavericks,90,Utah Jazz
Sacramento Kings,108,Los Angeles Lakers,113,Sacramento Kings
Charlotte Hornets,114,Detroit Pistons,98,Charlotte Hornets
Milwaukee Bucks,121,New Orleans Pelicans,123,Milwaukee Bucks
Cleveland Cavaliers,94,San Antonio Spurs,110,Cleveland Cavaliers
Denver Nuggets,114,Houston Rockets,119,Denver Nuggets
Washington Wizards,109,Philadelphia 76ers,94,Washington Wizards
Atlanta Hawks,104,Los Angeles Lakers,123,Atlanta Hawks
Boston Celtics,109,Memphis Grizzlies,98,Boston Celtics
Brooklyn Nets,104,Chicago Bulls,87,Brooklyn Nets
New York Knicks,111,Golden State Warriors,125,New York Knicks
Toronto Raptors,123,Detroit Pistons,94,Toronto Raptors
New Orleans Pelicans,125,Phoenix Suns,116,New Orleans Pelicans
Oklahoma City Thunder,112,Orlando Magic,105,Oklahoma City Thunder
Dallas Mavericks,109,Indiana Pacers,103,Dallas Mavericks
Utah Jazz,85,Houston Rockets,96,Utah Jazz
Sacramento Kings,100,Minnesota Timberwolves,118,Sacramento Kings
Charlotte Hornets,118,Chicago Bulls,103,Charlotte Hornets
Cleveland Cavaliers,129,Brooklyn Nets,123,Cleveland Cavaliers
Miami Heat,102,Philadelphia 76ers,101,Miami Heat
Milwaukee Bucks,104,Washington Wizards,107,Milwaukee Bucks
Portland Trail Blazers,116,Sacramento Kings,99,Portland Trail Blazers
Denver Nuggets,120,Los Angeles Clippers,122,Denver Nuggets
Detroit Pistons,110,Milwaukee Bucks,87,Detroit Pistons
Orlando Magic,104,Toronto Raptors,117,Orlando Magic
Atlanta Hawks,107,Indiana Pacers,102,Atlanta Hawks
Boston Celtics,134,Charlotte Hornets,106,Boston Celtics
Memphis Grizzlies,102,Phoenix Suns,110,Memphis Grizzlies
Washington Wizards,101,Golden State Warriors,109,Washington Wizards
Dallas Mavericks,110,Oklahoma City Thunder,111,Dallas Mavericks
San Antonio Spurs,116,New Orleans Pelicans,121,San Antonio Spurs
Los Angeles Clippers,92,Houston Rockets,105,Los Angeles Clippers
Miami Heat,113,Los Angeles Lakers,131,Miami Heat
Cleveland Cavaliers,97,Philadelphia 76ers,108,Cleveland Cavaliers
Sacramento Kings,116,Brooklyn Nets,111,Sacramento Kings
Portland Trail Blazers,108,Minnesota Timberwolves,99,Portland Trail Blazers
Orlando Magic,115,Detroit Pistons,106,Orlando Magic
Philadelphia 76ers,110,Charlotte Hornets,99,Philadelphia 76ers
Atlanta Hawks,109,Golden State Warriors,114,Atlanta Hawks
Chicago Bulls,108,Dallas Mavericks,100,Chicago Bulls
Memphis Grizzlies,102,Denver Nuggets,108,Memphis Grizzlies
Milwaukee Bucks,96,Indiana Pacers,103,Milwaukee Bucks
Washington Wizards,95,Toronto Raptors,102,Washington Wizards
Phoenix Suns,116,Oklahoma City Thunder,124,Phoenix Suns
Los Angeles Clippers,128,New York Knicks,105,Los Angeles Clippers
Utah Jazz,116,Minnesota Timberwolves,108,Utah Jazz
Orlando Magic,107,Memphis Grizzlies,100,Orlando Magic
Cleveland Cavaliers,117,Denver Nuggets,126,Cleveland Cavaliers
Miami Heat,105,Detroit Pistons,96,Miami Heat
Houston Rockets,123,Boston Celtics,120,Houston Rockets
San Antonio Spurs,112,Los Angeles Lakers,116,San Antonio Spurs
Portland Trail Blazers,108,Oklahoma City Thunder,100,Portland Trail Blazers
Sacramento Kings,91,Utah Jazz,98,Sacramento Kings
Atlanta Hawks,113,Phoenix Suns,112,Atlanta Hawks
Toronto Raptors,103,Charlotte Hornets,98,Toronto Raptors
Washington Wizards,95,Indiana Pacers,98,Washington Wizards
Dallas Mavericks,109,New Orleans Pelicans,126,Dallas Mavericks
Milwaukee Bucks,118,Philadelphia 76ers,110,Milwaukee Bucks
Los Angeles Clippers,123,Brooklyn Nets,120,Los Angeles Clippers
Sacramento Kings,102,New York Knicks,99,Sacramento Kings
Cleveland Cavaliers,112,Detroit Pistons,90,Cleveland Cavaliers
Indiana Pacers,92,Milwaukee Bucks,89,Indiana Pacers
Miami Heat,125,Phoenix Suns,103,Miami Heat
Chicago Bulls,89,Boston Celtics,105,Chicago Bulls
San Antonio Spurs,100,Memphis Grizzlies,98,San Antonio Spurs
Utah Jazz,94,Orlando Magic,80,Utah Jazz
Los Angeles Lakers,103,Portland Trail Blazers,108,Los Angeles Lakers
Charlotte Hornets,114,Philadelphia 76ers,128,Charlotte Hornets
Toronto Raptors,106,Atlanta Hawks,90,Toronto Raptors
Washington Wizards,117,Miami Heat,113,Washington Wizards
Oklahoma City Thunder,112,Houston Rockets,122,Oklahoma City Thunder
Dallas Mavericks,118,Denver Nuggets,107,Dallas Mavericks
Portland Trail Blazers,111,New York Knicks,87,Portland Trail Blazers
Golden State Warriors,114,Brooklyn Nets,101,Golden State Warriors
Los Angeles Clippers,116,New Orleans Pelicans,121,Los Angeles Clippers
Indiana Pacers,84,Utah Jazz,104,Indiana Pacers
Chicago Bulls,119,Memphis Grizzlies,110,Chicago Bulls
Detroit Pistons,119,Toronto Raptors,121,Detroit Pistons
Milwaukee Bucks,99,Houston Rockets,110,Milwaukee Bucks
Sacramento Kings,101,New Orleans Pelicans,114,Sacramento Kings
Denver Nuggets,108,Cleveland Cavaliers,113,Denver Nuggets
Los Angeles Lakers,108,Orlando Magic,107,Los Angeles Lakers
Charlotte Hornets,111,Brooklyn Nets,125,Charlotte Hornets
Miami Heat,108,Philadelphia 76ers,99,Miami Heat
Minnesota Timberwolves,109,Boston Celtics,117,Minnesota Timberwolves
Oklahoma City Thunder,115,Phoenix Suns,87,Oklahoma City Thunder
Golden State Warriors,110,San Antonio Spurs,107,Golden State Warriors
Detroit Pistons,99,Chicago Bulls,83,Detroit Pistons
Indiana Pacers,112,Atlanta Hawks,87,Indiana Pacers
Toronto Raptors,108,Houston Rockets,105,Toronto Raptors
Memphis Grizzlies,78,Utah Jazz,95,Memphis Grizzlies
Milwaukee Bucks,120,New York Knicks,112,Milwaukee Bucks
New Orleans Pelicans,97,Washington Wizards,116,New Orleans Pelicans
Denver Nuggets,125,Los Angeles Lakers,116,Denver Nuggets
Portland Trail Blazers,125,Golden State Warriors,108,Portland Trail Blazers
Sacramento Kings,94,Orlando Magic,88,Sacramento Kings
Los Angeles Clippers,116,Cleveland Cavaliers,102,Los Angeles Clippers
Charlotte Hornets,122,Phoenix Suns,115,Charlotte Hornets
Miami Heat,129,Washington Wizards,102,Miami Heat
Dallas Mavericks,114,Memphis Grizzlies,80,Dallas Mavericks
Oklahoma City Thunder,104,San Antonio Spurs,94,Oklahoma City Thunder
Los Angeles Clippers,113,Orlando Magic,105,Los Angeles Clippers
New York Knicks,106,Toronto Raptors,132,New York Knicks
Atlanta Hawks,122,Chicago Bulls,129,Atlanta Hawks
Minnesota Timberwolves,109,Golden State Warriors,103,Minnesota Timberwolves
New Orleans Pelicans,99,Utah Jazz,116,New Orleans Pelicans
Denver Nuggets,130,Sacramento Kings,104,Denver Nuggets
Dallas Mavericks,82,Houston Rockets,105,Dallas Mavericks
Boston Celtics,97,Indiana Pacers,99,Boston Celtics
Brooklyn Nets,97,Philadelphia 76ers,120,Brooklyn Nets
Los Angeles Lakers,127,Cleveland Cavaliers,113,Los Angeles Lakers
Houston Rockets,109,San Antonio Spurs,93,Houston Rockets
Memphis Grizzlies,103,Milwaukee Bucks,121,Memphis Grizzlies
Oklahoma City Thunder,106,Sacramento Kings,101,Oklahoma City Thunder
Portland Trail Blazers,115,Miami Heat,99,Portland Trail Blazers
Philadelphia 76ers,98,Indiana Pacers,101,Philadelphia 76ers
Washington Wizards,111,Minnesota Timberwolves,116,Washington Wizards
Atlanta Hawks,107,Oklahoma City Thunder,119,Atlanta Hawks
Brooklyn Nets,102,Toronto Raptors,116,Brooklyn Nets
New York Knicks,97,Dallas Mavericks,110,New York Knicks
Chicago Bulls,106,Los Angeles Clippers,112,Chicago Bulls
New Orleans Pelicans,119,Charlotte Hornets,115,New Orleans Pelicans
San Antonio Spurs,108,Orlando Magic,72,San Antonio Spurs
Utah Jazz,110,Detroit Pistons,79,Utah Jazz
Phoenix Suns,107,Cleveland Cavaliers,129,Phoenix Suns
Los Angeles Lakers,112,Denver Nuggets,103,Los Angeles Lakers
Orlando Magic,126,Milwaukee Bucks,117,Orlando Magic
Boston Celtics,124,Washington Wizards,125,Boston Celtics
Sacramento Kings,123,Miami Heat,119,Sacramento Kings
Golden State Warriors,117,Los Angeles Lakers,106,Golden State Warriors
Indiana Pacers,99,Toronto Raptors,106,Indiana Pacers
Atlanta Hawks,117,Charlotte Hornets,129,Atlanta Hawks
New York Knicks,110,Philadelphia 76ers,118,New York Knicks
Houston Rockets,101,Los Angeles Clippers,96,Houston Rockets
Memphis Grizzlies,110,Chicago Bulls,111,Memphis Grizzlies
San Antonio Spurs,98,New Orleans Pelicans,93,San Antonio Spurs
Denver Nuggets,120,Detroit Pistons,113,Denver Nuggets
Utah Jazz,116,Phoenix Suns,88,Utah Jazz
Portland Trail Blazers,113,Cleveland Cavaliers,105,Portland Trail Blazers
Orlando Magic,83,Boston Celtics,92,Orlando Magic
Philadelphia 76ers,120,Brooklyn Nets,116,Philadelphia 76ers
Toronto Raptors,122,Dallas Mavericks,115,Toronto Raptors
Oklahoma City Thunder,121,Los Angeles Clippers,113,Oklahoma City Thunder
Golden State Warriors,93,Sacramento Kings,98,Golden State Warriors
Los Angeles Lakers,91,Miami Heat,92,Los Angeles Lakers
Milwaukee Bucks,122,Atlanta Hawks,117,Milwaukee Bucks
New Orleans Pelicans,101,Houston Rockets,107,New Orleans Pelicans
Washington Wizards,109,Indiana Pacers,102,Washington Wizards
Brooklyn Nets,114,Dallas Mavericks,106,Brooklyn Nets
New York Knicks,124,Charlotte Hornets,101,New York Knicks
Chicago Bulls,109,Cleveland Cavaliers,114,Chicago Bulls
Memphis Grizzlies,101,Denver Nuggets,94,Memphis Grizzlies
San Antonio Spurs,117,Minnesota Timberwolves,101,San Antonio Spurs
Utah Jazz,103,Sacramento Kings,97,Utah Jazz
Phoenix Suns,109,Golden State Warriors,124,Phoenix Suns
Portland Trail Blazers,100,Detroit Pistons,87,Portland Trail Blazers
Toronto Raptors,125,Oklahoma City Thunder,132,Toronto Raptors
New Orleans Pelicans,108,Boston Celtics,89,New Orleans Pelicans
Minnesota Timberwolves,120,Houston Rockets,129,Minnesota Timberwolves
Los Angeles Clippers,109,Portland Trail Blazers,122,Los Angeles Clippers
Cleveland Cavaliers,124,Milwaukee Bucks,117,Cleveland Cavaliers
Indiana Pacers,110,Los Angeles Lakers,100,Indiana Pacers
Philadelphia 76ers,108,Charlotte Hornets,94,Philadelphia 76ers
Brooklyn Nets,118,Memphis Grizzlies,115,Brooklyn Nets
Miami Heat,149,Denver Nuggets,141,Miami Heat
New York Knicks,110,Chicago Bulls,92,New York Knicks
San Antonio Spurs,89,Golden State Warriors,75,San Antonio Spurs
Sacramento Kings,90,Detroit Pistons,106,Sacramento Kings
Orlando Magic,86,Toronto Raptors,93,Orlando Magic
Boston Celtics,100,Oklahoma City Thunder,99,Boston Celtics
Minnesota Timberwolves,123,Los Angeles Clippers,109,Minnesota Timberwolves
New Orleans Pelicans,115,Dallas Mavericks,105,New Orleans Pelicans
Utah Jazz,94,Atlanta Hawks,99,Utah Jazz
Phoenix Suns,88,Detroit Pistons,115,Phoenix Suns
Portland Trail Blazers,111,Houston Rockets,115,Portland Trail Blazers
Cleveland Cavaliers,132,Toronto Raptors,129,Cleveland Cavaliers
Philadelphia 76ers,119,Memphis Grizzlies,105,Philadelphia 76ers
Brooklyn Nets,105,Charlotte Hornets,111,Brooklyn Nets
Miami Heat,119,New York Knicks,98,Miami Heat
Chicago Bulls,102,Denver Nuggets,135,Chicago Bulls
Milwaukee Bucks,120,Los Angeles Clippers,127,Milwaukee Bucks
New Orleans Pelicans,96,Indiana Pacers,92,New Orleans Pelicans
San Antonio Spurs,98,Washington Wizards,90,San Antonio Spurs
Charlotte Hornets,140,Memphis Grizzlies,79,Charlotte Hornets
Orlando Magic,98,Philadelphia 76ers,118,Orlando Magic
Houston Rockets,100,Detroit Pistons,96,Houston Rockets
New Orleans Pelicans,128,Los Angeles Lakers,125,New Orleans Pelicans
Dallas Mavericks,112,Utah Jazz,119,Dallas Mavericks
Sacramento Kings,105,Atlanta Hawks,90,Sacramento Kings
Indiana Pacers,109,Los Angeles Clippers,104,Indiana Pacers
Washington Wizards,100,Denver Nuggets,108,Washington Wizards
Cleveland Cavaliers,120,Phoenix Suns,95,Cleveland Cavaliers
New York Knicks,104,Minnesota Timberwolves,108,New York Knicks
Toronto Raptors,116,Brooklyn Nets,112,Toronto Raptors
Chicago Bulls,105,Milwaukee Bucks,118,Chicago Bulls
Oklahoma City Thunder,105,Miami Heat,99,Oklahoma City Thunder
San Antonio Spurs,124,Utah Jazz,120,San Antonio Spurs
Portland Trail Blazers,100,Boston Celtics,105,Portland Trail Blazers
Golden State Warriors,106,Atlanta Hawks,94,Golden State Warriors
Philadelphia 76ers,120,Minnesota Timberwolves,108,Philadelphia 76ers
Detroit Pistons,117,Chicago Bulls,95,Detroit Pistons
Orlando Magic,105,Phoenix Suns,99,Orlando Magic
Houston Rockets,114,New Orleans Pelicans,91,Houston Rockets
Memphis Grizzlies,93,Los Angeles Lakers,100,Memphis Grizzlies
Dallas Mavericks,98,Charlotte Hornets,102,Dallas Mavericks
Brooklyn Nets,114,Cleveland Cavaliers,121,Brooklyn Nets
Milwaukee Bucks,106,San Antonio Spurs,103,Milwaukee Bucks
Indiana Pacers,113,Miami Heat,107,Indiana Pacers
Sacramento Kings,93,Boston Celtics,104,Sacramento Kings
Toronto Raptors,106,Los Angeles Clippers,117,Toronto Raptors
Washington Wizards,97,New York Knicks,101,Washington Wizards
Oklahoma City Thunder,105,Portland Trail Blazers,108,Oklahoma City Thunder
Houston Rockets,118,Atlanta Hawks,99,Houston Rockets
Golden State Warriors,91,Utah Jazz,110,Golden State Warriors
Charlotte Hornets,137,New York Knicks,128,Charlotte Hornets
Detroit Pistons,112,Los Angeles Lakers,106,Detroit Pistons
Philadelphia 76ers,123,Denver Nuggets,104,Philadelphia 76ers
Minnesota Timberwolves,93,Memphis Grizzlies,101,Minnesota Timberwolves
Phoenix Suns,94,Boston Celtics,102,Phoenix Suns
Washington Wizards,116,San Antonio Spurs,106,Washington Wizards
Toronto Raptors,114,Denver Nuggets,110,Toronto Raptors
Houston Rockets,118,Chicago Bulls,86,Houston Rockets
Miami Heat,98,Cleveland Cavaliers,79,Miami Heat
New Orleans Pelicans,103,Portland Trail Blazers,107,New Orleans Pelicans
Sacramento Kings,97,Dallas Mavericks,103,Sacramento Kings
Golden State Warriors,81,Indiana Pacers,92,Golden State Warriors
Los Angeles Clippers,105,Milwaukee Bucks,98,Los Angeles Clippers
Charlotte Hornets,105,Cleveland Cavaliers,118,Charlotte Hornets
Orlando Magic,104,Brooklyn Nets,111,Orlando Magic
Philadelphia 76ers,118,New York Knicks,101,Philadelphia 76ers
Memphis Grizzlies,108,Portland Trail Blazers,103,Memphis Grizzlies
Minnesota Timberwolves,126,Atlanta Hawks,114,Minnesota Timberwolves
Utah Jazz,94,Boston Celtics,97,Utah Jazz
Phoenix Suns,99,Los Angeles Clippers,111,Phoenix Suns
Los Angeles Lakers,103,Dallas Mavericks,93,Los Angeles Lakers
Detroit Pistons,103,Washington Wizards,92,Detroit Pistons
Miami Heat,103,Chicago Bulls,92,Miami Heat
San Antonio Spurs,103,Oklahoma City Thunder,99,San Antonio Spurs
Sacramento Kings,103,Indiana Pacers,106,Sacramento Kings
Golden State Warriors,107,Milwaukee Bucks,116,Golden State Warriors
Orlando Magic,82,Chicago Bulls,90,Orlando Magic
Atlanta Hawks,91,Philadelphia 76ers,101,Atlanta Hawks
Cleveland Cavaliers,107,New Orleans Pelicans,102,Cleveland Cavaliers
Houston Rockets,104,Phoenix Suns,103,Houston Rockets
Oklahoma City Thunder,125,Denver Nuggets,126,Oklahoma City Thunder
Dallas Mavericks,92,Minnesota Timberwolves,93,Dallas Mavericks
Utah Jazz,107,Memphis Grizzlies,97,Utah Jazz
Los Angeles Lakers,122,Milwaukee Bucks,124,Los Angeles Lakers
Portland Trail Blazers,105,Los Angeles Clippers,96,Portland Trail Blazers
Washington Wizards,107,Charlotte Hornets,93,Washington Wizards
New York Knicks,109,Detroit Pistons,115,New York Knicks
Boston Celtics,110,Toronto Raptors,99,Boston Celtics
Miami Heat,109,Brooklyn Nets,110,Miami Heat
Sacramento Kings,96,Golden State Warriors,112,Sacramento Kings
Charlotte Hornets,102,Philadelphia 76ers,119,Charlotte Hornets
Chicago Bulls,113,Washington Wizards,94,Chicago Bulls
Los Angeles Clippers,104,Indiana Pacers,111,Los Angeles Clippers
San Antonio Spurs,100,Houston Rockets,83,San Antonio Spurs
Atlanta Hawks,94,Orlando Magic,88,Atlanta Hawks
Brooklyn Nets,96,Detroit Pistons,108,Brooklyn Nets
Cleveland Cavaliers,98,Dallas Mavericks,87,Cleveland Cavaliers
New Orleans Pelicans,104,Oklahoma City Thunder,109,New Orleans Pelicans
Minnesota Timberwolves,97,Utah Jazz,121,Minnesota Timberwolves
Denver Nuggets,128,Milwaukee Bucks,125,Denver Nuggets
Golden State Warriors,117,Phoenix Suns,107,Golden State Warriors
Portland Trail Blazers,113,Memphis Grizzlies,98,Portland Trail Blazers
Los Angeles Lakers,83,Sacramento Kings,84,Los Angeles Lakers
Cleveland Cavaliers,112,Toronto Raptors,106,Cleveland Cavaliers
Philadelphia 76ers,121,Brooklyn Nets,95,Philadelphia 76ers
Miami Heat,101,Atlanta Hawks,98,Miami Heat
New York Knicks,73,Orlando Magic,97,New York Knicks
Chicago Bulls,120,Charlotte Hornets,114,Chicago Bulls
Houston Rockets,120,Washington Wizards,104,Houston Rockets
Milwaukee Bucks,106,Boston Celtics,102,Milwaukee Bucks
Oklahoma City Thunder,107,Golden State Warriors,111,Oklahoma City Thunder
Dallas Mavericks,115,Portland Trail Blazers,109,Dallas Mavericks
Denver Nuggets,107,Indiana Pacers,104,Denver Nuggets
Utah Jazz,117,Los Angeles Lakers,110,Utah Jazz
Phoenix Suns,97,Sacramento Kings,94,Phoenix Suns
Los Angeles Clippers,113,San Antonio Spurs,110,Los Angeles Clippers
Detroit Pistons,108,Philadelphia 76ers,115,Detroit Pistons
Orlando Magic,105,Dallas Mavericks,100,Orlando Magic
Atlanta Hawks,86,Miami Heat,115,Atlanta Hawks
New Orleans Pelicans,123,Memphis Grizzlies,95,New Orleans Pelicans
Toronto Raptors,96,Boston Celtics,78,Toronto Raptors
Los Angeles Lakers,122,San Antonio Spurs,112,Los Angeles Lakers
Indiana Pacers,126,Golden State Warriors,106,Indiana Pacers
Cleveland Cavaliers,119,Washington Wizards,115,Cleveland Cavaliers
Houston Rockets,96,Portland Trail Blazers,94,Houston Rockets
Milwaukee Bucks,111,Brooklyn Nets,119,Milwaukee Bucks
Utah Jazz,117,Los Angeles Clippers,95,Utah Jazz
Denver Nuggets,100,Minnesota Timberwolves,96,Denver Nuggets
Detroit Pistons,113,Dallas Mavericks,106,Detroit Pistons
Orlando Magic,100,Charlotte Hornets,137,Orlando Magic
Philadelphia 76ers,132,Cleveland Cavaliers,130,Philadelphia 76ers
Washington Wizards,97,Atlanta Hawks,103,Washington Wizards
Boston Celtics,111,Chicago Bulls,104,Boston Celtics
New York Knicks,122,Miami Heat,98,New York Knicks
Toronto Raptors,92,Indiana Pacers,73,Toronto Raptors
Memphis Grizzlies,93,Sacramento Kings,94,Memphis Grizzlies
Phoenix Suns,103,New Orleans Pelicans,122,Phoenix Suns
Los Angeles Lakers,96,Minnesota Timberwolves,113,Los Angeles Lakers
Los Angeles Clippers,115,Denver Nuggets,134,Los Angeles Clippers
New York Knicks,102,Milwaukee Bucks,115,New York Knicks
Chicago Bulls,96,Brooklyn Nets,124,Chicago Bulls
Golden State Warriors,120,New Orleans Pelicans,126,Golden State Warriors
Houston Rockets,102,Oklahoma City Thunder,108,Houston Rockets
San Antonio Spurs,116,Portland Trail Blazers,105,San Antonio Spurs
Boston Celtics,106,Atlanta Hawks,112,Boston Celtics
Charlotte Hornets,117,Indiana Pacers,123,Charlotte Hornets
Philadelphia 76ers,109,Dallas Mavericks,97,Philadelphia 76ers
Memphis Grizzlies,130,Detroit Pistons,117,Memphis Grizzlies
Los Angeles Lakers,97,Utah Jazz,112,Los Angeles Lakers
Toronto Raptors,112,Orlando Magic,101,Toronto Raptors
Phoenix Suns,100,Golden State Warriors,117,Phoenix Suns
Detroit Pistons,98,Toronto Raptors,108,Detroit Pistons
Brooklyn Nets,114,Chicago Bulls,105,Brooklyn Nets
Miami Heat,93,Oklahoma City Thunder,115,Miami Heat
New York Knicks,109,Cleveland Cavaliers,123,New York Knicks
Milwaukee Bucks,102,Orlando Magic,86,Milwaukee Bucks
Minnesota Timberwolves,113,Memphis Grizzlies,94,Minnesota Timberwolves
San Antonio Spurs,98,Sacramento Kings,85,San Antonio Spurs
Denver Nuggets,88,Portland Trail Blazers,82,Denver Nuggets
Los Angeles Clippers,100,New Orleans Pelicans,113,Los Angeles Clippers
Indiana Pacers,93,Charlotte Hornets,119,Indiana Pacers
Atlanta Hawks,113,Philadelphia 76ers,121,Atlanta Hawks
Washington Wizards,113,Boston Celtics,101,Washington Wizards
Dallas Mavericks,97,Phoenix Suns,124,Dallas Mavericks
Utah Jazz,119,Golden State Warriors,79,Utah Jazz
Los Angeles Lakers,99,Houston Rockets,105,Los Angeles Lakers
Boston Celtics,110,Brooklyn Nets,97,Boston Celtics
Chicago Bulls,87,Detroit Pistons,119,Chicago Bulls
Cleveland Cavaliers,98,New York Knicks,110,Cleveland Cavaliers
Miami Heat,116,Toronto Raptors,109,Miami Heat
Minnesota Timberwolves,112,Denver Nuggets,106,Minnesota Timberwolves
New Orleans Pelicans,122,San Antonio Spurs,98,New Orleans Pelicans
Oklahoma City Thunder,137,Memphis Grizzlies,123,Oklahoma City Thunder
Orlando Magic,101,Washington Wizards,92,Orlando Magic
Philadelphia 76ers,130,Milwaukee Bucks,95,Philadelphia 76ers
Los Angeles Clippers,100,Los Angeles Lakers,115,Los Angeles Clippers
Portland Trail Blazers,102,Utah Jazz,93,Portland Trail Blazers
Sacramento Kings,96,Houston Rockets,83,Sacramento Kings
Golden State Warriors,113,San Antonio Spurs,92,Golden State Warriors
Toronto Raptors,114,Washington Wizards,106,Toronto Raptors
Philadelphia 76ers,130,Miami Heat,103,Philadelphia 76ers
Portland Trail Blazers,95,New Orleans Pelicans,97,Portland Trail Blazers
Boston Celtics,113,Milwaukee Bucks,107,Boston Celtics
Cleveland Cavaliers,80,Indiana Pacers,98,Cleveland Cavaliers
Oklahoma City Thunder,116,Utah Jazz,108,Oklahoma City Thunder
Houston Rockets,104,Minnesota Timberwolves,101,Houston Rockets
Philadelphia 76ers,103,Miami Heat,113,Philadelphia 76ers
Golden State Warriors,116,San Antonio Spurs,101,Golden State Warriors
Toronto Raptors,130,Washington Wizards,119,Toronto Raptors
Boston Celtics,120,Milwaukee Bucks,106,Boston Celtics
Portland Trail Blazers,102,New Orleans Pelicans,111,Portland Trail Blazers
Cleveland Cavaliers,100,Indiana Pacers,97,Cleveland Cavaliers
Oklahoma City Thunder,95,Utah Jazz,102,Oklahoma City Thunder
Houston Rockets,102,Minnesota Timberwolves,82,Houston Rockets
Miami Heat,108,Philadelphia 76ers,128,Miami Heat
New Orleans Pelicans,119,Portland Trail Blazers,102,New Orleans Pelicans
San Antonio Spurs,97,Golden State Warriors,110,San Antonio Spurs
Indiana Pacers,92,Cleveland Cavaliers,90,Indiana Pacers
Washington Wizards,122,Toronto Raptors,103,Washington Wizards
Milwaukee Bucks,116,Boston Celtics,92,Milwaukee Bucks
Miami Heat,102,Philadelphia 76ers,106,Miami Heat
New Orleans Pelicans,131,Portland Trail Blazers,123,New Orleans Pelicans
Minnesota Timberwolves,121,Houston Rockets,105,Minnesota Timberwolves
Utah Jazz,115,Oklahoma City Thunder,102,Utah Jazz
Milwaukee Bucks,104,Boston Celtics,102,Milwaukee Bucks
San Antonio Spurs,103,Golden State Warriors,90,San Antonio Spurs
Washington Wizards,106,Toronto Raptors,98,Washington Wizards
Indiana Pacers,100,Cleveland Cavaliers,104,Indiana Pacers
Minnesota Timberwolves,100,Houston Rockets,119,Minnesota Timberwolves
Utah Jazz,113,Oklahoma City Thunder,96,Utah Jazz
Boston Celtics,92,Milwaukee Bucks,87,Boston Celtics
Philadelphia 76ers,104,Miami Heat,91,Philadelphia 76ers
Golden State Warriors,99,San Antonio Spurs,91,Golden State Warriors
Cleveland Cavaliers,98,Indiana Pacers,95,Cleveland Cavaliers
Toronto Raptors,108,Washington Wizards,98,Toronto Raptors
Houston Rockets,122,Minnesota Timberwolves,104,Houston Rockets
Oklahoma City Thunder,107,Utah Jazz,99,Oklahoma City Thunder
Milwaukee Bucks,97,Boston Celtics,86,Milwaukee Bucks
Washington Wizards,92,Toronto Raptors,102,Washington Wizards
Indiana Pacers,121,Cleveland Cavaliers,87,Indiana Pacers
Utah Jazz,96,Oklahoma City Thunder,91,Utah Jazz
Boston Celtics,112,Milwaukee Bucks,96,Boston Celtics
Golden State Warriors,123,New Orleans Pelicans,101,Golden State Warriors
Cleveland Cavaliers,105,Indiana Pacers,101,Cleveland Cavaliers
Houston Rockets,110,Utah Jazz,96,Houston Rockets
Boston Celtics,117,Philadelphia 76ers,101,Boston Celtics
Toronto Raptors,112,Cleveland Cavaliers,113,Toronto Raptors
Golden State Warriors,121,New Orleans Pelicans,116,Golden State Warriors
Houston Rockets,108,Utah Jazz,116,Houston Rockets
Toronto Raptors,110,Cleveland Cavaliers,128,Toronto Raptors
Boston Celtics,108,Philadelphia 76ers,103,Boston Celtics
New Orleans Pelicans,119,Golden State Warriors,100,New Orleans Pelicans
Utah Jazz,92,Houston Rockets,113,Utah Jazz
Philadelphia 76ers,98,Boston Celtics,101,Philadelphia 76ers
Cleveland Cavaliers,105,Toronto Raptors,103,Cleveland Cavaliers
New Orleans Pelicans,92,Golden State Warriors,118,New Orleans Pelicans
Utah Jazz,87,Houston Rockets,100,Utah Jazz
Philadelphia 76ers,103,Boston Celtics,92,Philadelphia 76ers
Cleveland Cavaliers,128,Toronto Raptors,93,Cleveland Cavaliers
Houston Rockets,112,Utah Jazz,102,Houston Rockets
Golden State Warriors,113,New Orleans Pelicans,104,Golden State Warriors
Boston Celtics,114,Philadelphia 76ers,112,Boston Celtics
Boston Celtics,108,Cleveland Cavaliers,83,Boston Celtics
Houston Rockets,106,Golden State Warriors,119,Houston Rockets
Boston Celtics,107,Cleveland Cavaliers,94,Boston Celtics
Houston Rockets,127,Golden State Warriors,105,Houston Rockets
Cleveland Cavaliers,116,Boston Celtics,86,Cleveland Cavaliers
Golden State Warriors,126,Houston Rockets,85,Golden State Warriors
Cleveland Cavaliers,111,Boston Celtics,102,Cleveland Cavaliers
Golden State Warriors,92,Houston Rockets,95,Golden State Warriors
Boston Celtics,96,Cleveland Cavaliers,83,Boston Celtics
Houston Rockets,98,Golden State Warriors,94,Houston Rockets
Cleveland Cavaliers,109,Boston Celtics,99,Cleveland Cavaliers
Golden State Warriors,115,Houston Rockets,86,Golden State Warriors
Boston Celtics,79,Cleveland Cavaliers,87,Boston Celtics
Houston Rockets,92,Golden State Warriors,101,Houston Rockets
Golden State Warriors,124,Cleveland Cavaliers,114,Golden State Warriors
Golden State Warriors,122,Cleveland Cavaliers,103,Golden State Warriors
Cleveland Cavaliers,102,Golden State Warriors,110,Cleveland Cavaliers
Cleveland Cavaliers,85,Golden State Warriors,108,Cleveland Cavaliers
