Home,Home Points,Visitor,Visitor Points
Boston Celtics,105,Philadelphia 76ers,87
Golden State Warriors,108,Oklahoma City Thunder,100
Charlotte Hornets,112,Milwaukee Bucks,113
Detroit Pistons,103,Brooklyn Nets,100
Indiana Pacers,111,Memphis Grizzlies,83
Orlando Magic,104,Miami Heat,101
New York Knicks,126,Atlanta Hawks,107
Toronto Raptors,116,Cleveland Cavaliers,104
Houston Rockets,112,New Orleans Pelicans,131
San Antonio Spurs,112,Minnesota Timberwolves,108
Sacramento Kings,117,Utah Jazz,123
Los Angeles Clippers,98,Denver Nuggets,107
Phoenix Suns,121,Dallas Mavericks,100
Philadelphia 76ers,127,Chicago Bulls,108
Washington Wizards,112,Miami Heat,113
Portland Trail Blazers,128,Los Angeles Lakers,119
Orlando Magic,88,Charlotte Hornets,120
Brooklyn Nets,107,New York Knicks,105
Memphis Grizzlies,131,Atlanta Hawks,117
Minnesota Timberwolves,131,Cleveland Cavaliers,123
New Orleans Pelicans,149,Sacramento Kings,129
Toronto Raptors,113,Boston Celtics,101
Milwaukee Bucks,118,Indiana Pacers,101
Los Angeles Clippers,108,Oklahoma City Thunder,92
Utah Jazz,123,Golden State Warriors,124
Indiana Pacers,132,Brooklyn Nets,112
Washington Wizards,113,Toronto Raptors,117
New York Knicks,101,Boston Celtics,103
Philadelphia 76ers,116,Orlando Magic,115
Chicago Bulls,116,Detroit Pistons,118
Miami Heat,112,Charlotte Hornets,113
Dallas Mavericks,140,Minnesota Timberwolves,136
Denver Nuggets,119,Phoenix Suns,91
Portland Trail Blazers,121,San Antonio Spurs,108
Los Angeles Lakers,115,Houston Rockets,124
Cleveland Cavaliers,111,Atlanta Hawks,133
Oklahoma City Thunder,120,Sacramento Kings,131
Denver Nuggets,100,Golden State Warriors,98
Los Angeles Clippers,115,Houston Rockets,112
Boston Celtics,90,Orlando Magic,93
Toronto Raptors,127,Charlotte Hornets,106
Milwaukee Bucks,124,New York Knicks,113
Minnesota Timberwolves,101,Indiana Pacers,91
Dallas Mavericks,115,Chicago Bulls,109
Utah Jazz,84,Memphis Grizzlies,92
Portland Trail Blazers,124,Washington Wizards,125
Golden State Warriors,123,Phoenix Suns,103
Los Angeles Lakers,142,San Antonio Spurs,143
Detroit Pistons,133,Philadelphia 76ers,132
New Orleans Pelicans,116,Los Angeles Clippers,109
Denver Nuggets,126,Sacramento Kings,112
Atlanta Hawks,111,Dallas Mavericks,104
Cleveland Cavaliers,86,Brooklyn Nets,102
Miami Heat,110,New York Knicks,87
Toronto Raptors,112,Minnesota Timberwolves,105
Chicago Bulls,112,Charlotte Hornets,110
Houston Rockets,89,Utah Jazz,100
San Antonio Spurs,96,Indiana Pacers,116
Milwaukee Bucks,123,Philadelphia 76ers,108
Phoenix Suns,113,Los Angeles Lakers,131
Sacramento Kings,97,Memphis Grizzlies,92
Golden State Warriors,144,Washington Wizards,122
Detroit Pistons,110,Cleveland Cavaliers,103
Orlando Magic,114,Portland Trail Blazers,128
Oklahoma City Thunder,95,Boston Celtics,101
Los Angeles Lakers,121,Denver Nuggets,114
Charlotte Hornets,135,Chicago Bulls,106
New York Knicks,100,Golden State Warriors,128
Toronto Raptors,116,Dallas Mavericks,107
Houston Rockets,113,Los Angeles Clippers,133
Minnesota Timberwolves,95,Milwaukee Bucks,125
New Orleans Pelicans,117,Brooklyn Nets,115
Sacramento Kings,116,Washington Wizards,112
Detroit Pistons,89,Boston Celtics,109
New Orleans Pelicans,111,Utah Jazz,132
Atlanta Hawks,85,Chicago Bulls,97
Cleveland Cavaliers,107,Indiana Pacers,119
Philadelphia 76ers,105,Charlotte Hornets,103
Memphis Grizzlies,117,Phoenix Suns,96
Miami Heat,120,Portland Trail Blazers,111
Milwaukee Bucks,113,Orlando Magic,91
San Antonio Spurs,110,Los Angeles Lakers,106
Brooklyn Nets,114,Golden State Warriors,120
Dallas Mavericks,104,Utah Jazz,113
Oklahoma City Thunder,117,Phoenix Suns,110
Los Angeles Clippers,136,Washington Wizards,104
Indiana Pacers,93,Portland Trail Blazers,103
Philadelphia 76ers,113,Atlanta Hawks,92
Miami Heat,113,Sacramento Kings,123
New York Knicks,115,Brooklyn Nets,96
Chicago Bulls,124,Golden State Warriors,149
Milwaukee Bucks,124,Toronto Raptors,109
Minnesota Timberwolves,124,Los Angeles Lakers,120
San Antonio Spurs,113,Dallas Mavericks,108
Denver Nuggets,116,New Orleans Pelicans,111
Charlotte Hornets,125,Miami Heat,113
Cleveland Cavaliers,136,Atlanta Hawks,114
Orlando Magic,99,Sacramento Kings,107
Boston Celtics,108,Detroit Pistons,105
Toronto Raptors,129,Philadelphia 76ers,112
Houston Rockets,85,Portland Trail Blazers,104
Memphis Grizzlies,107,Washington Wizards,95
Oklahoma City Thunder,128,Los Angeles Clippers,110
Brooklyn Nets,120,Detroit Pistons,119
Chicago Bulls,107,Denver Nuggets,108
Minnesota Timberwolves,128,Utah Jazz,125
New York Knicks,101,Indiana Pacers,107
Golden State Warriors,131,New Orleans Pelicans,121
Los Angeles Lakers,114,Dallas Mavericks,113
Phoenix Suns,90,San Antonio Spurs,120
Charlotte Hornets,107,Oklahoma City Thunder,111
Cleveland Cavaliers,91,Denver Nuggets,110
Philadelphia 76ers,122,Los Angeles Clippers,113
Atlanta Hawks,115,Sacramento Kings,146
Boston Celtics,117,Milwaukee Bucks,113
Portland Trail Blazers,132,New Orleans Pelicans,119
Orlando Magic,95,Los Angeles Clippers,120
Brooklyn Nets,111,Houston Rockets,119
Chicago Bulls,105,Indiana Pacers,107
Washington Wizards,111,Oklahoma City Thunder,134
Dallas Mavericks,106,New York Knicks,118
Utah Jazz,100,Memphis Grizzlies,110
Phoenix Suns,98,Toronto Raptors,107
Golden State Warriors,116,Minnesota Timberwolves,99
Philadelphia 76ers,109,Detroit Pistons,99
Charlotte Hornets,126,Cleveland Cavaliers,94
Indiana Pacers,102,Boston Celtics,101
Atlanta Hawks,123,Miami Heat,118
Chicago Bulls,88,Houston Rockets,96
San Antonio Spurs,109,New Orleans Pelicans,95
Denver Nuggets,103,Utah Jazz,88
Portland Trail Blazers,110,Los Angeles Lakers,114
Milwaukee Bucks,144,Sacramento Kings,109
Brooklyn Nets,122,Philadelphia 76ers,97
Washington Wizards,108,New York Knicks,95
San Antonio Spurs,110,Orlando Magic,117
Phoenix Suns,102,Memphis Grizzlies,100
Portland Trail Blazers,111,Minnesota Timberwolves,81
Los Angeles Lakers,107,Toronto Raptors,121
Detroit Pistons,115,Miami Heat,120
Indiana Pacers,94,Houston Rockets,98
Orlando Magic,102,Cleveland Cavaliers,100
New York Knicks,115,Chicago Bulls,116
Oklahoma City Thunder,122,New Orleans Pelicans,116
Denver Nuggets,115,Boston Celtics,107
Utah Jazz,111,Toronto Raptors,124
Golden State Warriors,117,Memphis Grizzlies,101
Los Angeles Clippers,120,Minnesota Timberwolves,109
Charlotte Hornets,113,Atlanta Hawks,102
Dallas Mavericks,119,Washington Wizards,100
Phoenix Suns,82,Brooklyn Nets,104
Portland Trail Blazers,118,Milwaukee Bucks,103
Cleveland Cavaliers,86,Oklahoma City Thunder,95
Orlando Magic,96,Detroit Pistons,103
Atlanta Hawks,107,New York Knicks,112
Miami Heat,95,San Antonio Spurs,88
Indiana Pacers,94,Philadelphia 76ers,100
Memphis Grizzlies,89,Denver Nuggets,87
New Orleans Pelicans,107,Chicago Bulls,98
Utah Jazz,117,Dallas Mavericks,102
Sacramento Kings,105,Toronto Raptors,114
Los Angeles Lakers,114,Minnesota Timberwolves,110
Oklahoma City Thunder,98,Houston Rockets,80
Phoenix Suns,109,Boston Celtics,116
Portland Trail Blazers,116,Los Angeles Clippers,105
Golden State Warriors,111,Milwaukee Bucks,134
Orlando Magic,117,Washington Wizards,108
Philadelphia 76ers,133,Charlotte Hornets,132
Atlanta Hawks,109,Detroit Pistons,124
Miami Heat,102,Indiana Pacers,110
Denver Nuggets,110,Brooklyn Nets,112
Utah Jazz,123,Boston Celtics,115
Sacramento Kings,121,Minnesota Timberwolves,110
Toronto Raptors,128,New York Knicks,112
Los Angeles Clippers,128,Milwaukee Bucks,126
New Orleans Pelicans,119,Phoenix Suns,99
Chicago Bulls,99,Cleveland Cavaliers,98
Memphis Grizzlies,112,Philadelphia 76ers,106
Miami Heat,110,Washington Wizards,116
Golden State Warriors,116,Brooklyn Nets,100
San Antonio Spurs,96,Houston Rockets,89
Dallas Mavericks,111,Oklahoma City Thunder,96
Sacramento Kings,86,Los Angeles Lakers,101
Detroit Pistons,103,Charlotte Hornets,113
Houston Rockets,115,Indiana Pacers,103
New York Knicks,89,Orlando Magic,115
Denver Nuggets,114,Milwaukee Bucks,121
Portland Trail Blazers,100,Boston Celtics,94
Los Angeles Lakers,107,Atlanta Hawks,106
Washington Wizards,117,Orlando Magic,109
Miami Heat,114,Philadelphia 76ers,124
Toronto Raptors,110,New Orleans Pelicans,126
Chicago Bulls,98,Dallas Mavericks,103
Memphis Grizzlies,88,Utah Jazz,96
Minnesota Timberwolves,120,Brooklyn Nets,113
Oklahoma City Thunder,118,Phoenix Suns,101
Sacramento Kings,104,San Antonio Spurs,99
Los Angeles Clippers,121,Golden State Warriors,116
Cleveland Cavaliers,113,Charlotte Hornets,89
Denver Nuggets,99,Houston Rockets,109
Golden State Warriors,110,Atlanta Hawks,103
Orlando Magic,111,Philadelphia 76ers,106
Washington Wizards,119,Cleveland Cavaliers,95
Boston Celtics,111,Chicago Bulls,82
Brooklyn Nets,107,Miami Heat,120
Toronto Raptors,104,Detroit Pistons,106
Milwaukee Bucks,113,Memphis Grizzlies,116
Minnesota Timberwolves,107,New Orleans Pelicans,100
Oklahoma City Thunder,128,New York Knicks,103
Dallas Mavericks,118,Utah Jazz,68
Phoenix Suns,116,San Antonio Spurs,96
Los Angeles Lakers,126,Portland Trail Blazers,117
Houston Rockets,107,Golden State Warriors,86
Denver Nuggets,138,Atlanta Hawks,93
Los Angeles Clippers,116,San Antonio Spurs,111
Boston Celtics,123,Toronto Raptors,116
Indiana Pacers,99,Miami Heat,91
Philadelphia 76ers,113,Utah Jazz,107
Washington Wizards,104,Brooklyn Nets,115
Memphis Grizzlies,112,Sacramento Kings,104
Minnesota Timberwolves,112,Portland Trail Blazers,96
New Orleans Pelicans,129,New York Knicks,124
Milwaukee Bucks,123,Chicago Bulls,104
Brooklyn Nets,119,Los Angeles Clippers,127
Charlotte Hornets,119,Philadelphia 76ers,122
Indiana Pacers,97,Atlanta Hawks,89
New Orleans Pelicans,125,Denver Nuggets,115
Orlando Magic,130,Los Angeles Lakers,117
Boston Celtics,86,Utah Jazz,98
Chicago Bulls,83,Toronto Raptors,122
Houston Rockets,132,Sacramento Kings,112
Dallas Mavericks,112,Golden State Warriors,109
Phoenix Suns,100,Oklahoma City Thunder,110
Minnesota Timberwolves,87,Memphis Grizzlies,100
Miami Heat,97,Los Angeles Lakers,113
Orlando Magic,131,New York Knicks,117
Washington Wizards,109,Portland Trail Blazers,119
San Antonio Spurs,104,Golden State Warriors,92
Charlotte Hornets,117,Boston Celtics,112
Detroit Pistons,113,Cleveland Cavaliers,102
Indiana Pacers,121,Utah Jazz,94
Philadelphia 76ers,119,Phoenix Suns,114
Atlanta Hawks,119,Los Angeles Clippers,127
Memphis Grizzlies,98,Dallas Mavericks,88
Milwaukee Bucks,104,Denver Nuggets,98
New Orleans Pelicans,140,San Antonio Spurs,126
Sacramento Kings,117,Oklahoma City Thunder,113
Orlando Magic,91,Toronto Raptors,93
Washington Wizards,125,Los Angeles Clippers,118
Miami Heat,92,Brooklyn Nets,104
New York Knicks,114,Portland Trail Blazers,118
Charlotte Hornets,127,Indiana Pacers,109
Philadelphia 76ers,121,New Orleans Pelicans,120
Atlanta Hawks,108,Toronto Raptors,124
Boston Celtics,109,New York Knicks,117
Chicago Bulls,124,Phoenix Suns,116
Cleveland Cavaliers,105,Los Angeles Lakers,109
Houston Rockets,126,Detroit Pistons,124
Milwaukee Bucks,143,Portland Trail Blazers,100
Minnesota Timberwolves,101,Denver Nuggets,103
Dallas Mavericks,119,Brooklyn Nets,113
San Antonio Spurs,103,Memphis Grizzlies,104
Utah Jazz,110,Sacramento Kings,119
Golden State Warriors,95,Oklahoma City Thunder,123
Brooklyn Nets,102,Minnesota Timberwolves,112
Los Angeles Clippers,112,Memphis Grizzlies,107
Detroit Pistons,116,Houston Rockets,111
Atlanta Hawks,96,Boston Celtics,114
New York Knicks,114,New Orleans Pelicans,109
Philadelphia 76ers,112,Cleveland Cavaliers,121
Toronto Raptors,125,Washington Wizards,107
Chicago Bulls,96,Miami Heat,103
Indiana Pacers,100,San Antonio Spurs,111
Oklahoma City Thunder,109,Charlotte Hornets,104
Milwaukee Bucks,114,Phoenix Suns,116
Denver Nuggets,112,Orlando Magic,87
Golden State Warriors,125,Portland Trail Blazers,97
Los Angeles Lakers,90,Utah Jazz,83
Cleveland Cavaliers,117,Houston Rockets,108
Minnesota Timberwolves,111,Chicago Bulls,96
Oklahoma City Thunder,98,Denver Nuggets,105
Washington Wizards,124,New Orleans Pelicans,114
Dallas Mavericks,113,Boston Celtics,104
Golden State Warriors,117,Sacramento Kings,116
Milwaukee Bucks,135,San Antonio Spurs,129
Los Angeles Lakers,104,Orlando Magic,108
Detroit Pistons,118,Phoenix Suns,107
Atlanta Hawks,124,Charlotte Hornets,123
Brooklyn Nets,125,Philadelphia 76ers,127
Memphis Grizzlies,98,New York Knicks,103
Toronto Raptors,125,Miami Heat,115
Sacramento Kings,112,Utah Jazz,133
Portland Trail Blazers,100,Los Angeles Clippers,104
Charlotte Hornets,110,Milwaukee Bucks,107
Cleveland Cavaliers,95,Minnesota Timberwolves,102
Washington Wizards,135,Houston Rockets,131
Chicago Bulls,107,San Antonio Spurs,108
New Orleans Pelicans,107,Boston Celtics,124
Utah Jazz,88,Indiana Pacers,121
Golden State Warriors,116,Orlando Magic,110
Detroit Pistons,115,New York Knicks,108
Miami Heat,113,Atlanta Hawks,115
Memphis Grizzlies,114,Toronto Raptors,122
Denver Nuggets,117,Los Angeles Lakers,85
Phoenix Suns,104,Indiana Pacers,109
Charlotte Hornets,108,Atlanta Hawks,94
Philadelphia 76ers,117,New York Knicks,91
Brooklyn Nets,91,Utah Jazz,101
Houston Rockets,108,Dallas Mavericks,128
Milwaukee Bucks,116,Chicago Bulls,113
Minnesota Timberwolves,128,San Antonio Spurs,89
New Orleans Pelicans,125,Washington Wizards,104
Oklahoma City Thunder,100,Cleveland Cavaliers,83
Portland Trail Blazers,115,Orlando Magic,112
Los Angeles Clippers,115,Phoenix Suns,99
Toronto Raptors,131,Golden State Warriors,128
Los Angeles Lakers,104,Indiana Pacers,96
Sacramento Kings,121,Los Angeles Clippers,133
Boston Celtics,128,Cleveland Cavaliers,95
Charlotte Hornets,111,Utah Jazz,119
Detroit Pistons,107,Chicago Bulls,88
Philadelphia 76ers,123,Washington Wizards,98
Brooklyn Nets,125,Memphis Grizzlies,131
Miami Heat,106,New Orleans Pelicans,101
Oklahoma City Thunder,124,Atlanta Hawks,109
San Antonio Spurs,105,Houston Rockets,136
Phoenix Suns,85,Orlando Magic,99
Los Angeles Lakers,114,Dallas Mavericks,103
Portland Trail Blazers,112,Denver Nuggets,113
New York Knicks,136,Milwaukee Bucks,134
Detroit Pistons,111,Golden State Warriors,102
Washington Wizards,102,Brooklyn Nets,88
Cleveland Cavaliers,95,Toronto Raptors,106
Houston Rockets,121,Chicago Bulls,105
Minnesota Timberwolves,109,Boston Celtics,118
Sacramento Kings,111,Indiana Pacers,110
Los Angeles Lakers,120,Phoenix Suns,96
Charlotte Hornets,109,New Orleans Pelicans,119
Miami Heat,102,Utah Jazz,100
Philadelphia 76ers,103,Memphis Grizzlies,95
Dallas Mavericks,114,Los Angeles Clippers,110
San Antonio Spurs,131,Portland Trail Blazers,118
Detroit Pistons,83,Oklahoma City Thunder,110
Atlanta Hawks,111,Golden State Warriors,128
Brooklyn Nets,97,Cleveland Cavaliers,99
New York Knicks,107,Washington Wizards,110
Toronto Raptors,103,Denver Nuggets,106
Minnesota Timberwolves,103,Houston Rockets,91
New Orleans Pelicans,126,Los Angeles Clippers,129
Indiana Pacers,96,Chicago Bulls,90
Miami Heat,90,Orlando Magic,105
Dallas Mavericks,111,Portland Trail Blazers,102
Phoenix Suns,105,Sacramento Kings,122
Utah Jazz,139,San Antonio Spurs,105
Cleveland Cavaliers,105,Golden State Warriors,129
Orlando Magic,118,Denver Nuggets,124
Atlanta Hawks,117,Washington Wizards,131
Brooklyn Nets,112,Oklahoma City Thunder,114
Memphis Grizzlies,96,Los Angeles Clippers,86
Milwaukee Bucks,115,Detroit Pistons,92
Minnesota Timberwolves,121,Charlotte Hornets,104
New Orleans Pelicans,132,Dallas Mavericks,106
Toronto Raptors,113,Philadelphia 76ers,102
Los Angeles Lakers,121,San Antonio Spurs,113
Boston Celtics,128,New York Knicks,100
Portland Trail Blazers,108,Phoenix Suns,86
Utah Jazz,118,Houston Rockets,91
Charlotte Hornets,113,Denver Nuggets,107
Detroit Pistons,111,Philadelphia 76ers,117
Orlando Magic,90,Indiana Pacers,112
Brooklyn Nets,106,Toronto Raptors,105
Cleveland Cavaliers,110,Sacramento Kings,129
Chicago Bulls,114,Oklahoma City Thunder,112
New Orleans Pelicans,103,Memphis Grizzlies,107
San Antonio Spurs,133,Los Angeles Lakers,120
Phoenix Suns,98,Miami Heat,115
Milwaukee Bucks,95,Golden State Warriors,105
Dallas Mavericks,107,Houston Rockets,104
Indiana Pacers,107,Sacramento Kings,97
Atlanta Hawks,106,Denver Nuggets,98
Cleveland Cavaliers,116,Washington Wizards,101
New York Knicks,104,Brooklyn Nets,112
Chicago Bulls,77,Boston Celtics,133
Memphis Grizzlies,88,Los Angeles Lakers,111
Portland Trail Blazers,113,Minnesota Timberwolves,105
Los Angeles Clippers,98,Miami Heat,121
Detroit Pistons,108,New Orleans Pelicans,116
Toronto Raptors,99,Milwaukee Bucks,104
San Antonio Spurs,110,Utah Jazz,97
New York Knicks,107,Charlotte Hornets,119
Indiana Pacers,109,Washington Wizards,101
Philadelphia 76ers,116,Detroit Pistons,102
Boston Celtics,113,New Orleans Pelicans,100
Chicago Bulls,89,Sacramento Kings,108
Milwaukee Bucks,108,Cleveland Cavaliers,92
Oklahoma City Thunder,122,Utah Jazz,113
Dallas Mavericks,101,Orlando Magic,76
Denver Nuggets,105,Memphis Grizzlies,99
Phoenix Suns,119,Los Angeles Clippers,123
Golden State Warriors,116,Minnesota Timberwolves,108
Los Angeles Lakers,108,Miami Heat,105
Houston Rockets,111,Portland Trail Blazers,104
San Antonio Spurs,111,Phoenix Suns,86
Los Angeles Clippers,99,Toronto Raptors,123
Charlotte Hornets,108,Detroit Pistons,107
Cleveland Cavaliers,113,New York Knicks,106
Indiana Pacers,113,Milwaukee Bucks,97
Philadelphia 76ers,124,Brooklyn Nets,127
Washington Wizards,125,Boston Celtics,130
Memphis Grizzlies,92,Portland Trail Blazers,83
New Orleans Pelicans,118,Oklahoma City Thunder,114
Dallas Mavericks,114,Atlanta Hawks,107
Utah Jazz,111,Miami Heat,84
Sacramento Kings,141,Minnesota Timberwolves,130
Golden State Warriors,93,Toronto Raptors,113
Houston Rockets,126,Los Angeles Lakers,111
San Antonio Spurs,125,Los Angeles Clippers,87
Orlando Magic,97,Chicago Bulls,91
Phoenix Suns,99,Dallas Mavericks,89
Boston Celtics,129,Atlanta Hawks,108
Charlotte Hornets,124,New York Knicks,126
Brooklyn Nets,125,Washington Wizards,118
Cleveland Cavaliers,102,Milwaukee Bucks,114
Philadelphia 76ers,101,Indiana Pacers,113
Memphis Grizzlies,97,Miami Heat,100
Denver Nuggets,109,Oklahoma City Thunder,98
Portland Trail Blazers,128,Toronto Raptors,122
Sacramento Kings,125,Golden State Warriors,130
Orlando Magic,96,Utah Jazz,89
Charlotte Hornets,100,Los Angeles Lakers,128
Detroit Pistons,113,Boston Celtics,104
Memphis Grizzlies,97,Houston Rockets,105
San Antonio Spurs,93,Chicago Bulls,98
Oklahoma City Thunder,110,Los Angeles Clippers,104
Phoenix Suns,107,Minnesota Timberwolves,99
Brooklyn Nets,144,Atlanta Hawks,127
Cleveland Cavaliers,105,Philadelphia 76ers,128
Indiana Pacers,110,New York Knicks,99
Washington Wizards,128,Los Angeles Lakers,110
Dallas Mavericks,113,Sacramento Kings,120
New Orleans Pelicans,96,Miami Heat,102
Denver Nuggets,95,Toronto Raptors,86
Detroit Pistons,104,Milwaukee Bucks,107
New York Knicks,110,Phoenix Suns,128
Houston Rockets,102,Utah Jazz,97
Minnesota Timberwolves,132,Sacramento Kings,105
Oklahoma City Thunder,121,Chicago Bulls,96
San Antonio Spurs,123,Philadelphia 76ers,96
Golden State Warriors,110,Memphis Grizzlies,93
Los Angeles Clippers,127,Portland Trail Blazers,131
Indiana Pacers,91,Cleveland Cavaliers,92
Atlanta Hawks,118,Washington Wizards,110
Brooklyn Nets,115,Los Angeles Lakers,110
Denver Nuggets,126,Dallas Mavericks,118
Charlotte Hornets,110,Cleveland Cavaliers,99
Orlando Magic,90,San Antonio Spurs,129
Philadelphia 76ers,131,New York Knicks,109
Boston Celtics,103,Phoenix Suns,111
Toronto Raptors,99,Indiana Pacers,96
Chicago Bulls,93,Brooklyn Nets,96
Houston Rockets,136,Washington Wizards,118
Milwaukee Bucks,123,New Orleans Pelicans,115
Minnesota Timberwolves,123,Detroit Pistons,129
Utah Jazz,108,Golden State Warriors,103
Portland Trail Blazers,99,Memphis Grizzlies,92
Sacramento Kings,113,Oklahoma City Thunder,132
Miami Heat,101,Houston Rockets,99
Los Angeles Clippers,125,Dallas Mavericks,121
Charlotte Hornets,98,Detroit Pistons,86
Toronto Raptors,126,Cleveland Cavaliers,110
Brooklyn Nets,106,Indiana Pacers,114
New York Knicks,107,Atlanta Hawks,114
Boston Celtics,107,Milwaukee Bucks,120
Chicago Bulls,90,Orlando Magic,80
San Antonio Spurs,124,Minnesota Timberwolves,98
Portland Trail Blazers,90,Utah Jazz,120
Sacramento Kings,102,Memphis Grizzlies,99
Los Angeles Lakers,112,New Orleans Pelicans,104
Los Angeles Clippers,132,Denver Nuggets,111
Washington Wizards,149,Phoenix Suns,146
Philadelphia 76ers,126,Toronto Raptors,101
Houston Rockets,108,San Antonio Spurs,101
Miami Heat,94,Milwaukee Bucks,87
Golden State Warriors,120,Dallas Mavericks,116
Utah Jazz,106,Oklahoma City Thunder,107
Detroit Pistons,95,Atlanta Hawks,98
Indiana Pacers,105,Washington Wizards,89
Boston Celtics,119,Charlotte Hornets,103
Brooklyn Nets,111,Phoenix Suns,103
Cleveland Cavaliers,92,Chicago Bulls,112
Orlando Magic,91,Miami Heat,115
Sacramento Kings,122,New Orleans Pelicans,117
Oklahoma City Thunder,112,Minnesota Timberwolves,114
Golden State Warriors,129,Los Angeles Clippers,127
Portland Trail Blazers,121,Dallas Mavericks,118
Los Angeles Lakers,99,Memphis Grizzlies,107
New York Knicks,95,Milwaukee Bucks,109
Houston Rockets,113,Oklahoma City Thunder,109
Boston Celtics,121,Philadelphia 76ers,114
Golden State Warriors,101,Los Angeles Lakers,127
Utah Jazz,117,Portland Trail Blazers,96
Detroit Pistons,106,Washington Wizards,95
Orlando Magic,120,Phoenix Suns,122
Atlanta Hawks,121,Indiana Pacers,129
Brooklyn Nets,134,Charlotte Hornets,132
Miami Heat,104,Toronto Raptors,106
Chicago Bulls,94,Minnesota Timberwolves,119
Memphis Grizzlies,95,Cleveland Cavaliers,87
Dallas Mavericks,122,New Orleans Pelicans,119
San Antonio Spurs,111,Denver Nuggets,103
Los Angeles Clippers,127,Sacramento Kings,118
Houston Rockets,127,Boston Celtics,113
Milwaukee Bucks,112,New York Knicks,96
Sacramento Kings,117,Los Angeles Lakers,116
Golden State Warriors,109,Portland Trail Blazers,110
Utah Jazz,97,Philadelphia 76ers,114
Charlotte Hornets,100,Brooklyn Nets,87
Indiana Pacers,125,Detroit Pistons,88
Orlando Magic,116,Toronto Raptors,87
Washington Wizards,92,Chicago Bulls,101
Miami Heat,118,Cleveland Cavaliers,94
Minnesota Timberwolves,120,Atlanta Hawks,123
New Orleans Pelicans,114,Dallas Mavericks,112
Denver Nuggets,102,San Antonio Spurs,99
Phoenix Suns,102,Oklahoma City Thunder,118
Los Angeles Lakers,107,Los Angeles Clippers,118
Milwaukee Bucks,129,Brooklyn Nets,115
New Orleans Pelicans,104,Houston Rockets,108
Washington Wizards,130,Charlotte Hornets,126
Atlanta Hawks,111,Cleveland Cavaliers,108
Memphis Grizzlies,103,Boston Celtics,112
Utah Jazz,129,New York Knicks,97
Phoenix Suns,118,Denver Nuggets,122
Portland Trail Blazers,105,Golden State Warriors,115
Los Angeles Clippers,111,San Antonio Spurs,122
Orlando Magic,109,Detroit Pistons,107
Miami Heat,104,Minnesota Timberwolves,113
Toronto Raptors,95,Chicago Bulls,89
Dallas Mavericks,105,Oklahoma City Thunder,103
Portland Trail Blazers,129,Philadelphia 76ers,95
Los Angeles Lakers,121,Sacramento Kings,114
Indiana Pacers,116,Atlanta Hawks,108
Charlotte Hornets,125,Orlando Magic,100
Houston Rockets,113,Memphis Grizzlies,101
San Antonio Spurs,120,Boston Celtics,111
New Orleans Pelicans,123,Minnesota Timberwolves,114
Oklahoma City Thunder,122,Dallas Mavericks,102
Phoenix Suns,109,Golden State Warriors,132
Toronto Raptors,122,Utah Jazz,116
Milwaukee Bucks,121,Detroit Pistons,98
Denver Nuggets,115,New York Knicks,108
Sacramento Kings,108,Portland Trail Blazers,113
Los Angeles Clippers,113,Philadelphia 76ers,119
Charlotte Hornets,84,Dallas Mavericks,122
Cleveland Cavaliers,92,Miami Heat,117
Washington Wizards,114,Atlanta Hawks,98
Brooklyn Nets,126,New Orleans Pelicans,121
Boston Celtics,115,Minnesota Timberwolves,102
Chicago Bulls,84,Orlando Magic,112
Memphis Grizzlies,94,Detroit Pistons,101
Phoenix Suns,127,Philadelphia 76ers,132
Los Angeles Lakers,100,Oklahoma City Thunder,107
San Antonio Spurs,125,Toronto Raptors,107
Sacramento Kings,113,Denver Nuggets,117
Golden State Warriors,134,Houston Rockets,135
Cleveland Cavaliers,91,Utah Jazz,117
Boston Celtics,114,Dallas Mavericks,93
Chicago Bulls,116,Indiana Pacers,119
Memphis Grizzlies,100,Brooklyn Nets,109
Miami Heat,115,Washington Wizards,109
Minnesota Timberwolves,120,Orlando Magic,103
Milwaukee Bucks,144,Atlanta Hawks,112
Phoenix Suns,111,Los Angeles Clippers,121
Los Angeles Lakers,112,New York Knicks,119
Portland Trail Blazers,109,Oklahoma City Thunder,111
Denver Nuggets,123,Charlotte Hornets,110
Detroit Pistons,105,Utah Jazz,110
Philadelphia 76ers,106,Dallas Mavericks,100
Cleveland Cavaliers,98,New Orleans Pelicans,133
Milwaukee Bucks,116,Toronto Raptors,123
San Antonio Spurs,108,Memphis Grizzlies,88
Portland Trail Blazers,110,Houston Rockets,101
Sacramento Kings,123,Golden State Warriors,127
Chicago Bulls,100,Brooklyn Nets,117
Los Angeles Clippers,106,Orlando Magic,96
Minnesota Timberwolves,108,Los Angeles Lakers,86
Atlanta Hawks,106,Miami Heat,82
Oklahoma City Thunder,98,Washington Wizards,116
Toronto Raptors,121,Indiana Pacers,105
Phoenix Suns,113,Charlotte Hornets,119
Detroit Pistons,107,San Antonio Spurs,119
Boston Celtics,116,Brooklyn Nets,95
Houston Rockets,125,Denver Nuggets,113
Milwaukee Bucks,114,Utah Jazz,102
New Orleans Pelicans,114,Memphis Grizzlies,95
Dallas Mavericks,97,Los Angeles Lakers,107
Portland Trail Blazers,111,New York Knicks,101
Sacramento Kings,111,Orlando Magic,95
Cleveland Cavaliers,115,Indiana Pacers,123
Philadelphia 76ers,132,Washington Wizards,115
Miami Heat,99,Denver Nuggets,103
Toronto Raptors,104,Atlanta Hawks,101
Oklahoma City Thunder,117,Minnesota Timberwolves,119
Phoenix Suns,115,Sacramento Kings,111
Golden State Warriors,122,New York Knicks,95
Los Angeles Clippers,128,Charlotte Hornets,109
Boston Celtics,135,Indiana Pacers,108
Washington Wizards,123,Philadelphia 76ers,106
Brooklyn Nets,116,Atlanta Hawks,100
Houston Rockets,109,Milwaukee Bucks,116
Memphis Grizzlies,96,San Antonio Spurs,86
New Orleans Pelicans,140,Cleveland Cavaliers,124
Dallas Mavericks,104,Phoenix Suns,94
Utah Jazz,106,Orlando Magic,93
Portland Trail Blazers,124,Chicago Bulls,112
Los Angeles Lakers,113,Detroit Pistons,100
Miami Heat,115,Boston Celtics,99
Denver Nuggets,121,Los Angeles Clippers,100
San Antonio Spurs,154,Oklahoma City Thunder,147
Sacramento Kings,112,Detroit Pistons,102
Philadelphia 76ers,121,Atlanta Hawks,123
Washington Wizards,113,Milwaukee Bucks,106
New York Knicks,106,Indiana Pacers,121
Toronto Raptors,122,Brooklyn Nets,105
Houston Rockets,141,Cleveland Cavaliers,113
Minnesota Timberwolves,115,Dallas Mavericks,119
Portland Trail Blazers,127,Charlotte Hornets,96
Utah Jazz,113,Los Angeles Lakers,95
Golden State Warriors,146,Chicago Bulls,109
Los Angeles Clippers,104,Detroit Pistons,109
Miami Heat,112,Memphis Grizzlies,108
Orlando Magic,105,Boston Celtics,103
Minnesota Timberwolves,110,New Orleans Pelicans,106
Oklahoma City Thunder,122,San Antonio Spurs,112
Phoenix Suns,102,Denver Nuggets,93
Sacramento Kings,104,Charlotte Hornets,97
Utah Jazz,110,Chicago Bulls,102
New York Knicks,105,Philadelphia 76ers,108
Washington Wizards,138,Toronto Raptors,140
Atlanta Hawks,114,Milwaukee Bucks,133
Orlando Magic,116,Houston Rockets,109
Dallas Mavericks,114,Golden State Warriors,119
Denver Nuggets,116,Portland Trail Blazers,113
Los Angeles Lakers,95,Cleveland Cavaliers,101
Brooklyn Nets,109,Boston Celtics,102
Houston Rockets,112,Memphis Grizzlies,94
San Antonio Spurs,93,Charlotte Hornets,108
Utah Jazz,100,Detroit Pistons,94
Sacramento Kings,115,Portland Trail Blazers,107
Los Angeles Clippers,117,New Orleans Pelicans,121
Indiana Pacers,131,Phoenix Suns,97
Philadelphia 76ers,149,Minnesota Timberwolves,107
Atlanta Hawks,142,Oklahoma City Thunder,126
Milwaukee Bucks,124,Miami Heat,86
Denver Nuggets,111,Golden State Warriors,142
Los Angeles Lakers,107,Chicago Bulls,100
Detroit Pistons,120,Orlando Magic,115
Boston Celtics,117,Toronto Raptors,108
Houston Rockets,142,Brooklyn Nets,145
Memphis Grizzlies,101,Milwaukee Bucks,111
Dallas Mavericks,101,San Antonio Spurs,105
Portland Trail Blazers,129,Cleveland Cavaliers,112
Golden State Warriors,147,New Orleans Pelicans,140
Los Angeles Clippers,109,Utah Jazz,129
Washington Wizards,101,New York Knicks,100
Charlotte Hornets,114,Sacramento Kings,95
Indiana Pacers,96,Philadelphia 76ers,120
Toronto Raptors,111,Phoenix Suns,109
Denver Nuggets,135,Chicago Bulls,105
Oklahoma City Thunder,128,Los Angeles Lakers,138
Boston Celtics,122,Memphis Grizzlies,116
Detroit Pistons,98,Miami Heat,93
Orlando Magic,115,Brooklyn Nets,117
Minnesota Timberwolves,113,San Antonio Spurs,116
Utah Jazz,115,Cleveland Cavaliers,99
Los Angeles Clippers,94,Golden State Warriors,112
Portland Trail Blazers,128,New Orleans Pelicans,112
Philadelphia 76ers,115,Oklahoma City Thunder,117
Charlotte Hornets,135,Phoenix Suns,115
Detroit Pistons,101,Sacramento Kings,103
Indiana Pacers,111,Dallas Mavericks,99
Orlando Magic,108,Milwaukee Bucks,118
Atlanta Hawks,105,Boston Celtics,113
Toronto Raptors,119,Memphis Grizzlies,90
Chicago Bulls,103,Miami Heat,117
Houston Rockets,138,Los Angeles Lakers,134
Denver Nuggets,124,Cleveland Cavaliers,102
Indiana Pacers,120,Charlotte Hornets,95
Minnesota Timberwolves,116,Phoenix Suns,114
San Antonio Spurs,95,Los Angeles Clippers,103
New York Knicks,109,Oklahoma City Thunder,127
Cleveland Cavaliers,88,Chicago Bulls,104
Milwaukee Bucks,116,Dallas Mavericks,106
Washington Wizards,101,Detroit Pistons,87
Atlanta Hawks,103,Orlando Magic,122
Brooklyn Nets,123,Sacramento Kings,94
Memphis Grizzlies,85,New Orleans Pelicans,105
Boston Celtics,107,Miami Heat,99
Philadelphia 76ers,121,Houston Rockets,93
Utah Jazz,104,Portland Trail Blazers,109
Los Angeles Lakers,111,Golden State Warriors,130
Toronto Raptors,120,Sacramento Kings,105
Oklahoma City Thunder,123,Portland Trail Blazers,114
Dallas Mavericks,106,Los Angeles Clippers,98
Phoenix Suns,91,Minnesota Timberwolves,118
Indiana Pacers,110,Toronto Raptors,106
Boston Celtics,123,Cleveland Cavaliers,103
Brooklyn Nets,114,Orlando Magic,110
Miami Heat,99,Los Angeles Clippers,111
New York Knicks,110,Houston Rockets,114
Chicago Bulls,101,Atlanta Hawks,121
Memphis Grizzlies,107,Charlotte Hornets,118
New Orleans Pelicans,94,Detroit Pistons,98
Philadelphia 76ers,122,San Antonio Spurs,120
Utah Jazz,114,Denver Nuggets,108
Oklahoma City Thunder,122,New Orleans Pelicans,116
Washington Wizards,118,Golden State Warriors,126
Phoenix Suns,106,Portland Trail Blazers,120
Los Angeles Lakers,105,Minnesota Timberwolves,120
Orlando Magic,91,Washington Wizards,95
Brooklyn Nets,109,New York Knicks,99
Cleveland Cavaliers,94,Miami Heat,100
Chicago Bulls,101,Los Angeles Clippers,106
Houston Rockets,121,Toronto Raptors,119
Memphis Grizzlies,96,Sacramento Kings,99
Dallas Mavericks,106,Detroit Pistons,101
Milwaukee Bucks,108,Charlotte Hornets,99
Denver Nuggets,132,Phoenix Suns,95
Utah Jazz,106,Minnesota Timberwolves,102
New Orleans Pelicans,114,San Antonio Spurs,126
Memphis Grizzlies,106,Indiana Pacers,103
Boston Celtics,111,Golden State Warriors,115
Denver Nuggets,126,Philadelphia 76ers,110
Portland Trail Blazers,120,Atlanta Hawks,111
Chicago Bulls,101,Cleveland Cavaliers,104
Los Angeles Clippers,122,Sacramento Kings,108
Oklahoma City Thunder,118,Milwaukee Bucks,112
Dallas Mavericks,120,Toronto Raptors,123
Houston Rockets,103,Orlando Magic,98
Minnesota Timberwolves,111,Utah Jazz,125
San Antonio Spurs,132,Washington Wizards,119
New York Knicks,97,Miami Heat,106
Los Angeles Lakers,116,Phoenix Suns,102
Charlotte Hornets,101,New York Knicks,92
Indiana Pacers,100,Golden State Warriors,132
Boston Celtics,112,Brooklyn Nets,104
Memphis Grizzlies,92,Denver Nuggets,95
Los Angeles Clippers,118,Atlanta Hawks,123
Cleveland Cavaliers,116,Washington Wizards,113
Detroit Pistons,105,Milwaukee Bucks,115
Orlando Magic,117,Oklahoma City Thunder,126
Brooklyn Nets,122,Chicago Bulls,117
Houston Rockets,116,New Orleans Pelicans,121
San Antonio Spurs,126,Phoenix Suns,124
Los Angeles Lakers,105,Philadelphia 76ers,121
Boston Celtics,126,Charlotte Hornets,94
Miami Heat,89,Chicago Bulls,105
New York Knicks,90,Dallas Mavericks,114
Minnesota Timberwolves,99,Memphis Grizzlies,97
New Orleans Pelicans,99,Denver Nuggets,105
Washington Wizards,107,Indiana Pacers,89
Sacramento Kings,135,Atlanta Hawks,113
Portland Trail Blazers,132,Utah Jazz,105
Detroit Pistons,93,Dallas Mavericks,89
Orlando Magic,107,Indiana Pacers,100
Toronto Raptors,92,Milwaukee Bucks,105
San Antonio Spurs,117,Brooklyn Nets,114
Golden State Warriors,104,Philadelphia 76ers,113
Los Angeles Clippers,120,Los Angeles Lakers,123
Charlotte Hornets,100,Memphis Grizzlies,92
New York Knicks,99,Boston Celtics,113
Miami Heat,102,Oklahoma City Thunder,118
Utah Jazz,128,Atlanta Hawks,112
Denver Nuggets,136,Houston Rockets,122
Detroit Pistons,101,Los Angeles Clippers,111
Charlotte Hornets,125,Chicago Bulls,118
Orlando Magic,102,Brooklyn Nets,89
Washington Wizards,115,Milwaukee Bucks,131
Cleveland Cavaliers,98,Dallas Mavericks,111
Miami Heat,88,Indiana Pacers,95
Golden State Warriors,115,Los Angeles Lakers,101
San Antonio Spurs,113,New Orleans Pelicans,108
Minnesota Timberwolves,106,Denver Nuggets,107
Phoenix Suns,112,Atlanta Hawks,118
Utah Jazz,98,Houston Rockets,125
Sacramento Kings,115,Philadelphia 76ers,108
New York Knicks,84,Memphis Grizzlies,96
Boston Celtics,134,Oklahoma City Thunder,129
Toronto Raptors,121,Los Angeles Clippers,103
Detroit Pistons,129,Denver Nuggets,103
Washington Wizards,129,Atlanta Hawks,137
Brooklyn Nets,94,Milwaukee Bucks,113
New Orleans Pelicans,107,Indiana Pacers,109
Phoenix Suns,110,Houston Rockets,118
Sacramento Kings,127,San Antonio Spurs,112
Charlotte Hornets,115,Los Angeles Clippers,117
Cleveland Cavaliers,96,Boston Celtics,103
Indiana Pacers,136,Los Angeles Lakers,94
New York Knicks,92,Detroit Pistons,105
Memphis Grizzlies,108,Minnesota Timberwolves,106
Oklahoma City Thunder,132,Orlando Magic,122
Philadelphia 76ers,107,Toronto Raptors,119
Portland Trail Blazers,108,Miami Heat,118
Brooklyn Nets,135,Denver Nuggets,130
Chicago Bulls,120,New Orleans Pelicans,125
Milwaukee Bucks,148,Washington Wizards,129
Dallas Mavericks,99,Charlotte Hornets,93
Utah Jazz,116,Phoenix Suns,88
Sacramento Kings,101,Houston Rockets,127
Golden State Warriors,141,San Antonio Spurs,102
Indiana Pacers,116,Los Angeles Clippers,92
Orlando Magic,122,Minnesota Timberwolves,112
Atlanta Hawks,101,Toronto Raptors,119
Boston Celtics,128,Los Angeles Lakers,129
Oklahoma City Thunder,117,Memphis Grizzlies,95
Portland Trail Blazers,127,San Antonio Spurs,118
Detroit Pistons,120,New York Knicks,103
Philadelphia 76ers,117,Denver Nuggets,110
Washington Wizards,119,Cleveland Cavaliers,106
Brooklyn Nets,106,Chicago Bulls,125
Dallas Mavericks,107,Milwaukee Bucks,122
Phoenix Suns,107,Golden State Warriors,117
New Orleans Pelicans,122,Minnesota Timberwolves,117
Sacramento Kings,102,Miami Heat,96
Utah Jazz,125,San Antonio Spurs,105
Indiana Pacers,105,Cleveland Cavaliers,90
Atlanta Hawks,120,Charlotte Hornets,129
New York Knicks,99,Toronto Raptors,104
Boston Celtics,112,Los Angeles Clippers,123
Chicago Bulls,125,Washington Wizards,134
Memphis Grizzlies,99,New Orleans Pelicans,90
Houston Rockets,112,Oklahoma City Thunder,117
Milwaukee Bucks,83,Orlando Magic,103
Dallas Mavericks,102,Portland Trail Blazers,101
Philadelphia 76ers,143,Los Angeles Lakers,120
Sacramento Kings,117,Phoenix Suns,104
Atlanta Hawks,108,Orlando Magic,124
Golden State Warriors,120,Miami Heat,118
Cleveland Cavaliers,107,New York Knicks,104
Detroit Pistons,121,Washington Wizards,112
Indiana Pacers,99,Charlotte Hornets,90
Toronto Raptors,127,Brooklyn Nets,125
Chicago Bulls,99,Milwaukee Bucks,112
Houston Rockets,120,Dallas Mavericks,104
Minnesota Timberwolves,130,Los Angeles Clippers,120
Oklahoma City Thunder,120,Portland Trail Blazers,111
Denver Nuggets,103,Miami Heat,87
Atlanta Hawks,117,Los Angeles Lakers,113
Memphis Grizzlies,107,San Antonio Spurs,108
New Orleans Pelicans,88,Orlando Magic,118
Philadelphia 76ers,109,Boston Celtics,112
Golden State Warriors,115,Utah Jazz,108
Cleveland Cavaliers,139,Brooklyn Nets,148
Indiana Pacers,97,Milwaukee Bucks,106
Boston Celtics,118,Detroit Pistons,110
New York Knicks,111,Philadelphia 76ers,126
Toronto Raptors,129,Washington Wizards,120
Chicago Bulls,122,Memphis Grizzlies,110
Minnesota Timberwolves,121,Houston Rockets,111
Dallas Mavericks,101,Miami Heat,112
Denver Nuggets,120,Sacramento Kings,118
Los Angeles Clippers,134,Phoenix Suns,107
Portland Trail Blazers,129,Golden State Warriors,107
Orlando Magic,127,Charlotte Hornets,89
Atlanta Hawks,91,New York Knicks,106
New Orleans Pelicans,131,Oklahoma City Thunder,122
Cleveland Cavaliers,111,Phoenix Suns,98
Philadelphia 76ers,106,Miami Heat,102
Brooklyn Nets,99,Portland Trail Blazers,113
Milwaukee Bucks,98,Boston Celtics,97
Golden State Warriors,125,Sacramento Kings,123
Los Angeles Lakers,111,Houston Rockets,106
Charlotte Hornets,123,Washington Wizards,110
Indiana Pacers,126,New Orleans Pelicans,111
Orlando Magic,109,Chicago Bulls,110
Toronto Raptors,120,San Antonio Spurs,117
Atlanta Hawks,122,Detroit Pistons,125
New York Knicks,104,Minnesota Timberwolves,115
Memphis Grizzlies,106,Los Angeles Clippers,112
Dallas Mavericks,104,Denver Nuggets,114
Oklahoma City Thunder,148,Utah Jazz,147
Philadelphia 76ers,115,Portland Trail Blazers,130
Atlanta Hawks,120,Phoenix Suns,112
Charlotte Hornets,115,Brooklyn Nets,117
Cleveland Cavaliers,112,Memphis Grizzlies,107
New Orleans Pelicans,128,Los Angeles Lakers,115
Washington Wizards,112,Indiana Pacers,119
Miami Heat,96,Detroit Pistons,119
Chicago Bulls,126,Boston Celtics,116
Oklahoma City Thunder,116,Sacramento Kings,119
Golden State Warriors,112,Houston Rockets,118
Milwaukee Bucks,140,Minnesota Timberwolves,128
Utah Jazz,125,Dallas Mavericks,109
Toronto Raptors,98,Orlando Magic,113
Denver Nuggets,123,Los Angeles Clippers,96
New York Knicks,130,San Antonio Spurs,118
Charlotte Hornets,110,Golden State Warriors,121
Cleveland Cavaliers,110,Portland Trail Blazers,123
Detroit Pistons,113,Indiana Pacers,109
Brooklyn Nets,101,San Antonio Spurs,85
Miami Heat,121,Phoenix Suns,124
Chicago Bulls,106,Milwaukee Bucks,117
Houston Rockets,119,Atlanta Hawks,111
Memphis Grizzlies,110,Los Angeles Lakers,105
Minnesota Timberwolves,112,Sacramento Kings,105
New Orleans Pelicans,110,Philadelphia 76ers,111
Los Angeles Clippers,121,Dallas Mavericks,112
New York Knicks,108,Orlando Magic,103
Toronto Raptors,118,Boston Celtics,95
Denver Nuggets,121,Oklahoma City Thunder,112
Charlotte Hornets,113,Houston Rockets,118
Atlanta Hawks,131,Minnesota Timberwolves,123
Brooklyn Nets,116,Washington Wizards,125
Miami Heat,126,Golden State Warriors,125
Boston Celtics,92,Portland Trail Blazers,97
Memphis Grizzlies,107,Chicago Bulls,109
Dallas Mavericks,110,Indiana Pacers,101
San Antonio Spurs,105,Detroit Pistons,93
Utah Jazz,111,Los Angeles Clippers,105
Sacramento Kings,140,Milwaukee Bucks,141
Los Angeles Lakers,125,New Orleans Pelicans,119
Indiana Pacers,122,Minnesota Timberwolves,115
Orlando Magic,103,Golden State Warriors,96
New York Knicks,118,Cleveland Cavaliers,125
Houston Rockets,121,Miami Heat,118
Oklahoma City Thunder,104,Philadelphia 76ers,108
Denver Nuggets,104,Utah Jazz,111
Atlanta Hawks,161,Chicago Bulls,168
Brooklyn Nets,112,Charlotte Hornets,123
Boston Celtics,107,Washington Wizards,96
Toronto Raptors,119,Portland Trail Blazers,117
Phoenix Suns,116,New Orleans Pelicans,130
Sacramento Kings,109,Los Angeles Clippers,116
Los Angeles Lakers,120,Milwaukee Bucks,131
Cleveland Cavaliers,93,Detroit Pistons,129
Indiana Pacers,112,Orlando Magic,117
Miami Heat,117,Brooklyn Nets,88
Dallas Mavericks,81,Memphis Grizzlies,111
Philadelphia 76ers,117,Golden State Warriors,120
San Antonio Spurs,116,Oklahoma City Thunder,102
Denver Nuggets,112,New Orleans Pelicans,120
Phoenix Suns,118,Los Angeles Lakers,109
Utah Jazz,115,Milwaukee Bucks,111
Charlotte Hornets,108,Portland Trail Blazers,118
Boston Celtics,104,Houston Rockets,115
Chicago Bulls,118,Atlanta Hawks,123
Los Angeles Clippers,128,New York Knicks,107
Cleveland Cavaliers,107,Orlando Magic,93
Detroit Pistons,112,Toronto Raptors,107
Washington Wizards,135,Minnesota Timberwolves,121
Oklahoma City Thunder,99,Memphis Grizzlies,95
Brooklyn Nets,127,Dallas Mavericks,88
Miami Heat,114,Atlanta Hawks,113
San Antonio Spurs,104,Denver Nuggets,103
Phoenix Suns,114,Milwaukee Bucks,105
Utah Jazz,112,New Orleans Pelicans,115
Sacramento Kings,115,New York Knicks,108
Los Angeles Lakers,105,Los Angeles Clippers,113
Indiana Pacers,105,Chicago Bulls,96
Philadelphia 76ers,114,Orlando Magic,106
Memphis Grizzlies,120,Portland Trail Blazers,111
Minnesota Timberwolves,131,Oklahoma City Thunder,120
Toronto Raptors,95,Houston Rockets,107
Golden State Warriors,95,Boston Celtics,128
Charlotte Hornets,84,Miami Heat,91
Detroit Pistons,131,Minnesota Timberwolves,114
Washington Wizards,132,Dallas Mavericks,123
Atlanta Hawks,104,San Antonio Spurs,111
Brooklyn Nets,113,Cleveland Cavaliers,107
Chicago Bulls,108,Philadelphia 76ers,107
New Orleans Pelicans,104,Utah Jazz,114
Phoenix Suns,107,New York Knicks,96
Sacramento Kings,109,Boston Celtics,111
Los Angeles Lakers,99,Denver Nuggets,115
Milwaukee Bucks,117,Indiana Pacers,98
Portland Trail Blazers,121,Oklahoma City Thunder,129
Charlotte Hornets,112,Washington Wizards,111
Orlando Magic,111,Dallas Mavericks,106
Chicago Bulls,104,Detroit Pistons,112
Houston Rockets,107,Philadelphia 76ers,91
Memphis Grizzlies,114,Utah Jazz,104
Miami Heat,126,Cleveland Cavaliers,110
New Orleans Pelicans,104,Toronto Raptors,127
Golden State Warriors,122,Denver Nuggets,105
Los Angeles Clippers,118,Oklahoma City Thunder,110
New York Knicks,94,Sacramento Kings,102
Atlanta Hawks,112,Brooklyn Nets,114
Minnesota Timberwolves,135,Washington Wizards,130
Los Angeles Lakers,107,Boston Celtics,120
Milwaukee Bucks,131,Charlotte Hornets,114
Portland Trail Blazers,127,Phoenix Suns,120
Detroit Pistons,131,Chicago Bulls,108
Miami Heat,104,Toronto Raptors,125
Philadelphia 76ers,106,Indiana Pacers,89
Atlanta Hawks,128,New Orleans Pelicans,116
Memphis Grizzlies,105,Orlando Magic,97
Dallas Mavericks,93,Houston Rockets,94
Minnesota Timberwolves,103,New York Knicks,92
San Antonio Spurs,121,Milwaukee Bucks,114
Golden State Warriors,111,Phoenix Suns,115
Cleveland Cavaliers,126,Toronto Raptors,101
Washington Wizards,121,Sacramento Kings,115
Brooklyn Nets,103,Detroit Pistons,75
Houston Rockets,118,Charlotte Hornets,106
Utah Jazz,89,Oklahoma City Thunder,98
Los Angeles Clippers,140,Boston Celtics,115
Indiana Pacers,103,New York Knicks,98
Philadelphia 76ers,106,Cleveland Cavaliers,99
Chicago Bulls,107,Los Angeles Lakers,123
Dallas Mavericks,105,San Antonio Spurs,112
New Orleans Pelicans,113,Milwaukee Bucks,130
Denver Nuggets,133,Minnesota Timberwolves,107
Los Angeles Clippers,104,Portland Trail Blazers,125
Oklahoma City Thunder,108,Brooklyn Nets,96
Washington Wizards,100,Orlando Magic,90
Atlanta Hawks,132,Memphis Grizzlies,111
Miami Heat,108,Detroit Pistons,74
Houston Rockets,104,Golden State Warriors,106
Phoenix Suns,97,Utah Jazz,114
Indiana Pacers,108,Oklahoma City Thunder,106
Orlando Magic,120,Cleveland Cavaliers,91
Boston Celtics,126,Sacramento Kings,120
Toronto Raptors,111,Los Angeles Lakers,98
Utah Jazz,120,Minnesota Timberwolves,100
Denver Nuggets,100,Dallas Mavericks,99
Detroit Pistons,111,Los Angeles Lakers,97
Philadelphia 76ers,123,Sacramento Kings,114
Washington Wizards,110,Charlotte Hornets,116
Houston Rockets,108,Phoenix Suns,102
Miami Heat,98,Milwaukee Bucks,113
New Orleans Pelicans,110,Portland Trail Blazers,122
San Antonio Spurs,109,New York Knicks,83
Los Angeles Clippers,128,Chicago Bulls,121
Boston Celtics,129,Atlanta Hawks,120
New Orleans Pelicans,136,Phoenix Suns,138
Washington Wizards,135,Memphis Grizzlies,128
Dallas Mavericks,121,Cleveland Cavaliers,116
Oklahoma City Thunder,88,Golden State Warriors,110
San Antonio Spurs,108,Portland Trail Blazers,103
Denver Nuggets,102,Indiana Pacers,100
Utah Jazz,114,Brooklyn Nets,98
New York Knicks,124,Los Angeles Lakers,123
Miami Heat,93,Charlotte Hornets,75
Milwaukee Bucks,125,Philadelphia 76ers,130
Detroit Pistons,110,Toronto Raptors,107
Orlando Magic,101,Atlanta Hawks,91
Sacramento Kings,129,Chicago Bulls,102
Houston Rockets,117,Minnesota Timberwolves,102
Los Angeles Clippers,119,Brooklyn Nets,116
Cleveland Cavaliers,126,Detroit Pistons,119
Washington Wizards,95,Utah Jazz,116
Boston Celtics,105,Denver Nuggets,114
Toronto Raptors,128,New York Knicks,92
Oklahoma City Thunder,107,Miami Heat,116
San Antonio Spurs,111,Golden State Warriors,105
Dallas Mavericks,125,New Orleans Pelicans,129
Phoenix Suns,101,Chicago Bulls,116
Portland Trail Blazers,106,Indiana Pacers,98
Charlotte Hornets,114,Philadelphia 76ers,118
Atlanta Hawks,105,Houston Rockets,121
Milwaukee Bucks,115,Los Angeles Lakers,101
Minnesota Timberwolves,107,Golden State Warriors,117
Sacramento Kings,121,Brooklyn Nets,123
Los Angeles Clippers,115,Indiana Pacers,109
Cleveland Cavaliers,107,Milwaukee Bucks,102
Orlando Magic,119,New Orleans Pelicans,96
Philadelphia 76ers,118,Boston Celtics,115
New York Knicks,116,Utah Jazz,137
Chicago Bulls,126,Washington Wizards,120
Memphis Grizzlies,126,Houston Rockets,125
San Antonio Spurs,105,Miami Heat,110
Oklahoma City Thunder,114,Toronto Raptors,123
Portland Trail Blazers,126,Dallas Mavericks,118
Charlotte Hornets,113,Minnesota Timberwolves,106
Washington Wizards,108,Denver Nuggets,113
Atlanta Hawks,117,Utah Jazz,114
Phoenix Suns,98,Detroit Pistons,118
Sacramento Kings,116,Dallas Mavericks,100
Golden State Warriors,112,Indiana Pacers,89
Orlando Magic,123,Memphis Grizzlies,119
Cleveland Cavaliers,108,Los Angeles Clippers,110
New York Knicks,93,Denver Nuggets,111
Toronto Raptors,109,Oklahoma City Thunder,116
Houston Rockets,111,San Antonio Spurs,105
Milwaukee Bucks,116,Miami Heat,87
Los Angeles Lakers,106,Brooklyn Nets,111
Charlotte Hornets,124,Boston Celtics,117
Washington Wizards,108,Miami Heat,113
Atlanta Hawks,129,Philadelphia 76ers,127
Chicago Bulls,83,Utah Jazz,114
Memphis Grizzlies,99,Minnesota Timberwolves,112
Golden State Warriors,91,Dallas Mavericks,126
Portland Trail Blazers,117,Detroit Pistons,112
Sacramento Kings,112,Phoenix Suns,103
New York Knicks,113,Los Angeles Clippers,124
Milwaukee Bucks,127,Cleveland Cavaliers,105
Indiana Pacers,124,Denver Nuggets,88
Toronto Raptors,114,Charlotte Hornets,115
New Orleans Pelicans,90,Houston Rockets,113
Boston Celtics,96,San Antonio Spurs,115
Golden State Warriors,121,Detroit Pistons,114
Los Angeles Lakers,111,Sacramento Kings,106
Orlando Magic,119,Philadelphia 76ers,98
Memphis Grizzlies,115,Oklahoma City Thunder,103
Utah Jazz,125,Phoenix Suns,92
Portland Trail Blazers,148,Brooklyn Nets,144
Charlotte Hornets,125,San Antonio Spurs,116
Cleveland Cavaliers,106,Boston Celtics,116
Miami Heat,99,Orlando Magic,104
Toronto Raptors,112,Chicago Bulls,103
Milwaukee Bucks,108,Houston Rockets,94
Minnesota Timberwolves,111,Los Angeles Clippers,122
New Orleans Pelicans,120,Atlanta Hawks,130
Dallas Mavericks,121,Sacramento Kings,125
Denver Nuggets,95,Detroit Pistons,92
Los Angeles Lakers,124,Washington Wizards,106
Chicago Bulls,98,Portland Trail Blazers,118
Memphis Grizzlies,103,Golden State Warriors,118
Oklahoma City Thunder,107,Indiana Pacers,99
Phoenix Suns,121,Washington Wizards,124
Utah Jazz,115,Los Angeles Lakers,100
Detroit Pistons,115,Orlando Magic,98
Philadelphia 76ers,123,Brooklyn Nets,110
Miami Heat,105,Dallas Mavericks,99
New York Knicks,92,Toronto Raptors,117
Houston Rockets,112,Denver Nuggets,85
Milwaukee Bucks,128,Los Angeles Clippers,118
New Orleans Pelicans,121,Sacramento Kings,118
San Antonio Spurs,116,Cleveland Cavaliers,110
Boston Celtics,114,Indiana Pacers,112
Atlanta Hawks,98,Portland Trail Blazers,118
Minnesota Timberwolves,131,Golden State Warriors,130
Oklahoma City Thunder,105,Denver Nuggets,115
Utah Jazz,128,Washington Wizards,124
Los Angeles Lakers,129,Charlotte Hornets,115
Los Angeles Clippers,132,Cleveland Cavaliers,108
Brooklyn Nets,110,Boston Celtics,96
Houston Rockets,119,Sacramento Kings,108
Detroit Pistons,99,Portland Trail Blazers,90
Indiana Pacers,116,Orlando Magic,121
New York Knicks,92,Miami Heat,100
Chicago Bulls,101,Toronto Raptors,124
Minnesota Timberwolves,109,Philadelphia 76ers,118
Phoenix Suns,115,Memphis Grizzlies,120
Atlanta Hawks,136,Milwaukee Bucks,135
Oklahoma City Thunder,103,Dallas Mavericks,106
New Orleans Pelicans,102,Los Angeles Lakers,130
San Antonio Spurs,106,Sacramento Kings,113
Denver Nuggets,90,Washington Wizards,95
Golden State Warriors,137,Charlotte Hornets,90
Los Angeles Clippers,113,Memphis Grizzlies,96
Indiana Pacers,111,Detroit Pistons,102
Boston Celtics,110,Miami Heat,105
Brooklyn Nets,121,Milwaukee Bucks,131
New York Knicks,113,Chicago Bulls,105
Toronto Raptors,121,Orlando Magic,109
Minnesota Timberwolves,122,Portland Trail Blazers,132
Dallas Mavericks,122,Philadelphia 76ers,102
Utah Jazz,111,Charlotte Hornets,102
Phoenix Suns,122,Cleveland Cavaliers,113
Oklahoma City Thunder,119,Los Angeles Lakers,103
San Antonio Spurs,117,Atlanta Hawks,111
Sacramento Kings,105,Houston Rockets,130
Golden State Warriors,116,Denver Nuggets,102
Detroit Pistons,89,Indiana Pacers,108
Orlando Magic,114,New York Knicks,100
Washington Wizards,114,Chicago Bulls,115
Atlanta Hawks,130,Philadelphia 76ers,122
Brooklyn Nets,105,Toronto Raptors,115
Miami Heat,102,Boston Celtics,112
New Orleans Pelicans,109,Charlotte Hornets,115
Dallas Mavericks,108,Minnesota Timberwolves,110
Denver Nuggets,113,San Antonio Spurs,85
Phoenix Suns,97,Utah Jazz,118
Portland Trail Blazers,116,Memphis Grizzlies,89
Los Angeles Clippers,103,Houston Rockets,135
Philadelphia 76ers,122,Milwaukee Bucks,128
Sacramento Kings,117,Cleveland Cavaliers,104
Los Angeles Lakers,90,Golden State Warriors,108
Charlotte Hornets,113,Toronto Raptors,111
Orlando Magic,149,Atlanta Hawks,113
Washington Wizards,112,San Antonio Spurs,129
Houston Rockets,120,New York Knicks,96
Indiana Pacers,97,Boston Celtics,117
Minnesota Timberwolves,111,Miami Heat,109
Oklahoma City Thunder,123,Detroit Pistons,110
Dallas Mavericks,112,Memphis Grizzlies,122
Utah Jazz,119,Sacramento Kings,98
Phoenix Suns,133,New Orleans Pelicans,126
Denver Nuggets,119,Portland Trail Blazers,110
Golden State Warriors,120,Cleveland Cavaliers,114
Los Angeles Clippers,117,Los Angeles Lakers,122
Milwaukee Bucks,128,Brooklyn Nets,133
Chicago Bulls,96,Philadelphia 76ers,116
Toronto Raptors,117,Miami Heat,109
Cleveland Cavaliers,90,San Antonio Spurs,112
Minnesota Timberwolves,126,Oklahoma City Thunder,132
Detroit Pistons,91,Charlotte Hornets,104
Indiana Pacers,96,Brooklyn Nets,108
Memphis Grizzlies,127,Dallas Mavericks,129
Houston Rockets,149,Phoenix Suns,113
Milwaukee Bucks,115,Atlanta Hawks,107
Boston Celtics,108,Orlando Magic,116
New York Knicks,113,Washington Wizards,110
Golden State Warriors,131,Los Angeles Clippers,104
Portland Trail Blazers,115,Denver Nuggets,108
Sacramento Kings,129,New Orleans Pelicans,133
Los Angeles Lakers,113,Utah Jazz,109
Cleveland Cavaliers,97,Charlotte Hornets,124
Detroit Pistons,100,Memphis Grizzlies,93
Washington Wizards,110,Boston Celtics,116
Miami Heat,122,Philadelphia 76ers,99
Chicago Bulls,86,New York Knicks,96
Minnesota Timberwolves,100,Toronto Raptors,120
New Orleans Pelicans,103,Golden State Warriors,112
Dallas Mavericks,120,Phoenix Suns,109
Utah Jazz,118,Denver Nuggets,108
Oklahoma City Thunder,112,Houston Rockets,111
Los Angeles Lakers,101,Portland Trail Blazers,104
Atlanta Hawks,134,Indiana Pacers,135
Brooklyn Nets,113,Miami Heat,94
Charlotte Hornets,114,Orlando Magic,122
Memphis Grizzlies,132,Golden State Warriors,117
Milwaukee Bucks,116,Oklahoma City Thunder,127
New York Knicks,89,Detroit Pistons,115
Philadelphia 76ers,125,Chicago Bulls,109
San Antonio Spurs,105,Dallas Mavericks,94
Denver Nuggets,99,Minnesota Timberwolves,95
Los Angeles Clippers,143,Utah Jazz,137
Portland Trail Blazers,136,Sacramento Kings,131
Philadelphia 76ers,102,Brooklyn Nets,111
Toronto Raptors,101,Orlando Magic,104
Golden State Warriors,121,Los Angeles Clippers,104
Denver Nuggets,96,San Antonio Spurs,101
Boston Celtics,84,Indiana Pacers,74
Portland Trail Blazers,104,Oklahoma City Thunder,99
Milwaukee Bucks,121,Detroit Pistons,86
Houston Rockets,122,Utah Jazz,90
Philadelphia 76ers,145,Brooklyn Nets,123
Golden State Warriors,131,Los Angeles Clippers,135
Toronto Raptors,111,Orlando Magic,82
Denver Nuggets,114,San Antonio Spurs,105
Portland Trail Blazers,114,Oklahoma City Thunder,94
Boston Celtics,99,Indiana Pacers,91
Milwaukee Bucks,120,Detroit Pistons,99
Houston Rockets,118,Utah Jazz,98
Brooklyn Nets,115,Philadelphia 76ers,131
San Antonio Spurs,118,Denver Nuggets,108
Los Angeles Clippers,105,Golden State Warriors,132
Orlando Magic,93,Toronto Raptors,98
Indiana Pacers,96,Boston Celtics,104
Oklahoma City Thunder,120,Portland Trail Blazers,108
Brooklyn Nets,108,Philadelphia 76ers,112
San Antonio Spurs,103,Denver Nuggets,117
Detroit Pistons,103,Milwaukee Bucks,119
Utah Jazz,101,Houston Rockets,104
Indiana Pacers,106,Boston Celtics,110
Los Angeles Clippers,105,Golden State Warriors,113
Orlando Magic,85,Toronto Raptors,107
Oklahoma City Thunder,98,Portland Trail Blazers,111
Detroit Pistons,104,Milwaukee Bucks,127
Utah Jazz,107,Houston Rockets,91
Toronto Raptors,115,Orlando Magic,96
Philadelphia 76ers,122,Brooklyn Nets,100
Denver Nuggets,108,San Antonio Spurs,90
Portland Trail Blazers,118,Oklahoma City Thunder,115
Houston Rockets,100,Utah Jazz,93
Golden State Warriors,121,Los Angeles Clippers,129
San Antonio Spurs,120,Denver Nuggets,103
Los Angeles Clippers,110,Golden State Warriors,129
Toronto Raptors,108,Philadelphia 76ers,95
Denver Nuggets,90,San Antonio Spurs,86
Milwaukee Bucks,90,Boston Celtics,112
Golden State Warriors,104,Houston Rockets,100
Toronto Raptors,89,Philadelphia 76ers,94
Denver Nuggets,121,Portland Trail Blazers,113
Milwaukee Bucks,123,Boston Celtics,102
Golden State Warriors,115,Houston Rockets,109
Denver Nuggets,90,Portland Trail Blazers,97
Philadelphia 76ers,116,Toronto Raptors,95
Boston Celtics,116,Milwaukee Bucks,123
Portland Trail Blazers,140,Denver Nuggets,137
Houston Rockets,126,Golden State Warriors,121
Philadelphia 76ers,96,Toronto Raptors,101
Portland Trail Blazers,112,Denver Nuggets,116
Boston Celtics,101,Milwaukee Bucks,113
Houston Rockets,112,Golden State Warriors,108
Toronto Raptors,125,Philadelphia 76ers,89
Denver Nuggets,124,Portland Trail Blazers,98
Milwaukee Bucks,116,Boston Celtics,91
Golden State Warriors,104,Houston Rockets,99
Philadelphia 76ers,112,Toronto Raptors,101
Portland Trail Blazers,119,Denver Nuggets,108
Houston Rockets,113,Golden State Warriors,118
Denver Nuggets,96,Portland Trail Blazers,100
Toronto Raptors,92,Philadelphia 76ers,90
Golden State Warriors,116,Portland Trail Blazers,94
Milwaukee Bucks,108,Toronto Raptors,100
Golden State Warriors,114,Portland Trail Blazers,111
Milwaukee Bucks,125,Toronto Raptors,103
Portland Trail Blazers,99,Golden State Warriors,110
Toronto Raptors,118,Milwaukee Bucks,112
Portland Trail Blazers,117,Golden State Warriors,119
Toronto Raptors,120,Milwaukee Bucks,102
Milwaukee Bucks,99,Toronto Raptors,105
Toronto Raptors,100,Milwaukee Bucks,94
Toronto Raptors,118,Golden State Warriors,109
Toronto Raptors,104,Golden State Warriors,109
Golden State Warriors,109,Toronto Raptors,123
Golden State Warriors,92,Toronto Raptors,105
Toronto Raptors,105,Golden State Warriors,106
Golden State Warriors,110,Toronto Raptors,114
